cate1_a,col_nm_a,freq,mean_link,score
공공행정,연번,8613,0.5329223267154302,4590.06
교육,연번,6402,0.536690096844736,3435.89
공공행정,순번,3993,0.5327548209366391,2127.29
보건,연번,3057,0.541164540399084,1654.34
교육,순번,1867,0.5232833422603107,976.97
교육,번호,1573,0.5285187539732994,831.3599999999999
보건,순번,1529,0.540431654676259,826.3199999999999
공공행정,번호,1145,0.5333624454148472,610.7
공공행정,구분,687,0.5391848617176128,370.42
공공행정,고유번호,532,0.5455451127819549,290.23
교육,일련번호,433,0.5563048498845266,240.88
교육,순서,312,0.5765705128205129,179.89000000000001
공공행정,식별번호,343,0.5157725947521866,176.91
공공행정,그룹번호,286,0.5039510489510489,144.13
공공행정,정렬,260,0.5305,137.93
공공행정,코드그룹번호,252,0.49892857142857144,125.73
공공행정,대관불가순번,224,0.5124553571428572,114.79
공공행정,연령대코드,217,0.5239170506912443,113.69000000000001
공공행정,기준ID,201,0.5528358208955224,111.12
공공행정,처리순번,194,0.5130412371134021,99.53
교육,자료테마넘버,183,0.5301092896174864,97.01
공공행정,내부감사결과키,185,0.5201081081081081,96.22000000000001
공공행정,부산물,180,0.5317777777777778,95.72
교육,코드값,183,0.520327868852459,95.21999999999998
공공행정,2023년,213,0.42295774647887324,90.09
공공행정,분기,184,0.4876086956521739,89.72
공공행정,관리번호,172,0.5193023255813953,89.32
공공행정,식품냉동냉장업,205,0.4352682926829268,89.23
공공행정,사전정보공표키,160,0.5158750000000001,82.54000000000002
공공행정,부가가치세 과세표준증명,179,0.4583798882681564,82.05
교육,첨부파일고유번호,156,0.5063461538461538,78.99
교육,회차,162,0.484320987654321,78.46000000000001
교육,지역코드,149,0.5226174496644296,77.87
교육,채용희망직종순서,137,0.5482481751824817,75.11
교육,활동인원,145,0.4857241379310345,70.43
공공행정,게시판번호,126,0.5434126984126985,68.47
공공행정,사업실명제키,124,0.542741935483871,67.3
공공행정,지정번호,125,0.53184,66.48
공공행정,연도,119,0.5436134453781513,64.69
교육, 연번,118,0.5460169491525424,64.43
공공행정,공유재산순번,117,0.5467521367521367,63.97
보건,번호,114,0.5545614035087719,63.22
보건,2020년 10월,102,0.606764705882353,61.89000000000001
공공행정,반장 공석,145,0.41400000000000003,60.03000000000001
교육,2016년 인원,146,0.41027397260273973,59.9
공공행정,질문유형코드,122,0.4905737704918033,59.85
교육,조회수,153,0.390718954248366,59.78
공공행정,광주,148,0.3977027027027027,58.86
교육,2018년 인원,144,0.40555555555555556,58.4
공공행정,연계일련번호,137,0.4200729927007299,57.55
공공행정,고유 번호,128,0.44710937500000003,57.230000000000004
공공행정,정렬 순서,122,0.4674590163934426,57.03
교육,분야코드,109,0.5056880733944954,55.12
교육,지역,142,0.3845070422535211,54.6
공공행정,건강보험 자격확인서,143,0.37888111888111886,54.18
공공행정,출산휴가 사용자수,106,0.5076415094339622,53.809999999999995
보건,순서,98,0.5404081632653062,52.96
보건,NUM,89,0.5898876404494382,52.5
공공행정,지역가입자 건강장기요양보험료 납부확인서,120,0.43475,52.17
공공행정,질문순번,107,0.4817757009345795,51.550000000000004
공공행정,용기포장제조업,125,0.37728,47.160000000000004
공공행정,사업자등록증명,124,0.37975806451612903,47.09
공공행정,배우자 출산휴가 사용자수,109,0.4281651376146789,46.67
교육,직원수 (명)_남,103,0.45126213592233005,46.48
교육,IDX,95,0.4889473684210527,46.45
보건,일련번호,81,0.5618518518518518,45.51
공공행정,신규채용인원,107,0.42149532710280374,45.1
보건,2020년 1월,61,0.7304918032786886,44.56
보건,2020년 2월,60,0.7260000000000001,43.56
공공행정,건축물대장,123,0.3516260162601626,43.25
보건,2020년 3월,59,0.7213559322033899,42.56
교육,학습 단원 고유번호,87,0.4841379310344827,42.12
교육,게시물일련번호,77,0.5468831168831169,42.11
공공행정,공표일련번호,86,0.4874418604651163,41.92
보건,2020년 4월,58,0.7165517241379311,41.56
공공행정,지역가입자 건강장기요양보험료 납부확인서(연말정산용),70,0.5801428571428572,40.61
보건,2020년 5월,57,0.7115789473684211,40.56
보건,2020년 6월,56,0.7064285714285715,39.56
보건,2020년 7월,55,0.7010909090909091,38.56
보건,2020년 11월,70,0.5395714285714286,37.77
교육,순,72,0.5243055555555556,37.75
공공행정,농업경영체 증명서,99,0.3793939393939394,37.56
보건,2020년 8월,54,0.6955555555555556,37.56
교육,여,112,0.3280357142857143,36.74
교육,정렬번호,56,0.6446428571428572,36.1
공공행정,2022년,98,0.3631632653061225,35.59
보건,2021년 2월,52,0.6838461538461539,35.56
공공행정,의안고유번호,66,0.5313636363636364,35.07
공공행정,부산,92,0.3756521739130435,34.56
보건,2021년 3월,51,0.6776470588235295,34.56
교육,설문코드,76,0.44815789473684214,34.06
교육,응급처치,58,0.5805172413793104,33.67
보건,2021년 4월,50,0.6712,33.56
공공행정,인천,91,0.36714285714285716,33.410000000000004
보건,2021년 6월,49,0.6644897959183674,32.56
공공행정,2024년,89,0.36280898876404494,32.29
교육,그룹번호,67,0.4817910447761194,32.28
교육,읽은수,81,0.39604938271604934,32.08
공공행정,부서아이디,80,0.399625,31.97
교육,다운로드수,81,0.38135802469135804,30.89
공공행정,농지대장,85,0.35811764705882354,30.44
교육,배정액,68,0.43558823529411766,29.62
교육,연도,55,0.5370909090909091,29.54
공공행정,운영대수,79,0.3708860759493671,29.300000000000004
교육,구분,54,0.5405555555555556,29.19
공공행정,수급자증명서,52,0.5551923076923078,28.870000000000005
공공행정,시차출퇴근형,77,0.3711688311688312,28.580000000000002
공공행정,지방세 세목별 과세증명서,77,0.36597402597402595,28.18
교육,활동코드,72,0.3836111111111111,27.62
공공행정,소득확인증명서(개인종합자산관리계좌 가입용),51,0.5394117647058824,27.51
공공행정,첨가물제조업,72,0.3768055555555556,27.130000000000003
공공행정,기본증명서,78,0.3437179487179487,26.81
교육,아이디,64,0.41421875,26.51
공공행정,울산,72,0.3676388888888889,26.470000000000002
공공행정,은행코드,72,0.3661111111111111,26.36
교육,2020년 인원,74,0.3525675675675676,26.09
공공행정,등록형태(인식표),78,0.3312820512820513,25.84
교육,신청학교 수,67,0.38522388059701496,25.810000000000002
공공행정,조회수,61,0.4213114754098361,25.700000000000003
교육,직원수 (명)_여,65,0.37584615384615383,24.43
공공행정,국민연금보험료 납부확인서,44,0.5456818181818183,24.010000000000005
교육,학교명,41,0.5763414634146341,23.63
공공행정,대구,66,0.3506060606060606,23.14
교육,2016년 비율,64,0.36046875,23.07
공공행정, 일정ID,55,0.41927272727272724,23.06
공공행정,혼인관계증명서,66,0.34242424242424246,22.6
보건,연도,37,0.607027027027027,22.46
공공행정,단어장 아이디,41,0.5431707317073171,22.270000000000003
교육,2018년 비율,63,0.3503174603174603,22.07
공공행정,전북,63,0.34825396825396826,21.94
공공행정,제주,63,0.34555555555555556,21.77
공공행정,강원,63,0.3441269841269841,21.68
보건,해당월,38,0.5678947368421053,21.580000000000002
공공행정,충북,62,0.34580645161290324,21.44
교육,Unnamed: 0,43,0.498139534883721,21.42
보건,2020년 09월,41,0.5202439024390243,21.329999999999995
교육,학교수,39,0.5428205128205129,21.170000000000005
공공행정,서울,61,0.34491803278688526,21.040000000000003
공공행정,전남,61,0.34491803278688526,21.040000000000003
교육,객실수,61,0.34491803278688526,21.040000000000003
공공행정,충남,61,0.34491803278688526,21.040000000000003
공공행정,경기,61,0.34491803278688526,21.040000000000003
보건,2020년 12월,38,0.5221052631578947,19.84
교육,신청 사업수,52,0.37461538461538463,19.48
공공행정,인원,37,0.5224324324324325,19.330000000000005
보건,발생월,34,0.5670588235294118,19.28
공공행정,선발인원,51,0.3762745098039216,19.19
보건,합계(가구),52,0.36576923076923074,19.02
보건,지급액(백만원),52,0.36576923076923074,19.02
보건,미용업(피부),46,0.40521739130434786,18.64
공공행정,아이디(메일문서함),47,0.38914893617021273,18.29
공공행정,식용얼음,32,0.5634375,18.03
보건,2021년 04월,34,0.5244117647058824,17.83
공공행정,납부내역증명,34,0.5179411764705882,17.61
보건,2021년 02월,35,0.5,17.5
공공행정,졸업년도,30,0.5706666666666667,17.12
교육,현원,47,0.361063829787234,16.97
교육,필기접수,48,0.3510416666666667,16.85
교육,교육과정 기타,47,0.3585106382978724,16.85
공공행정,메뉴 정렬,31,0.535483870967742,16.6
보건,2021년 03월,33,0.5,16.5
보건,2020년 02월,33,0.5,16.5
보건,2020년 01월,33,0.5,16.5
보건,2020년 04월,33,0.5,16.5
보건,2020년 03월,33,0.5,16.5
보건,2020년 06월,33,0.5,16.5
보건,2020년 05월,33,0.5,16.5
보건,2020년 07월,33,0.5,16.5
보건,2020년 08월,33,0.5,16.5
교육,자료일련번호,32,0.5121875,16.39
보건,2020년2월,32,0.5103125,16.33
교육,직원수_여,28,0.5735714285714285,16.06
공공행정,행정구역 통단위 수,45,0.35555555555555557,16.0
보건,2021년 05월,32,0.5,16.0
보건,승용차,48,0.33,15.84
교육,기준연도,30,0.522,15.66
교육,실기합격,46,0.33695652173913043,15.5
보건,2021년 08월,30,0.5,15.0
공공행정,아이템(IDX),27,0.5492592592592592,14.829999999999998
공공행정,등록 품종수,40,0.3645,14.58
교육,아동현원,28,0.5192857142857144,14.540000000000003
교육,폭력예방_신변보호,28,0.5178571428571429,14.500000000000002
보건,2021년 01월,29,0.5,14.5
보건,2021년 10월,29,0.5,14.5
교육,소분류코드,39,0.36923076923076925,14.4
교육,1 - 100,37,0.38432432432432434,14.22
보건,2021년 11월,28,0.5,14.0
공공행정,부상신고자수,43,0.32372093023255816,13.92
공공행정,연별,25,0.5516000000000001,13.790000000000003
교육,201 - 300,40,0.3445,13.78
보건,2021년 12월,27,0.5,13.5
보건,2020년 9월,21,0.64,13.44
보건,2020년9월,27,0.4937037037037037,13.33
보건,2020년3월,26,0.5126923076923077,13.33
보건,7월,33,0.39484848484848484,13.03
보건,2022년 01월,26,0.5,13.0
보건,회차,23,0.5552173913043478,12.77
교육,필기응시,37,0.33756756756756756,12.49
교육,관리번호,27,0.4511111111111111,12.18
공공행정,의안번호,30,0.4046666666666667,12.14
보건,2020년8월,22,0.5454545454545454,12.0
보건,충청남도,30,0.3986666666666666,11.959999999999999
보건,2021년 06월,25,0.4592,11.48
보건,2021년 7월,19,0.6021052631578948,11.440000000000001
교육,재난안전,22,0.5154545454545455,11.340000000000002
보건,2021년 1월,19,0.5842105263157895,11.100000000000001
보건,등록번호,28,0.39035714285714285,10.93
교육, 1학년 학급수,20,0.545,10.9
공공행정,창업 및 기타 취업자,29,0.37448275862068964,10.86
공공행정,최대선택개수,20,0.5425,10.85
보건,순번(NO),21,0.5119047619047619,10.75
교육,교육통계순서,20,0.522,10.440000000000001
공공행정,직장가입자 건강장기요양보험료 납부확인서,20,0.522,10.440000000000001
보건,의료인,25,0.4152,10.38
교육,컴퓨터실습실수,19,0.5447368421052632,10.350000000000001
공공행정,졸업(예정)증명서,20,0.5125,10.25
교육,교육일정,19,0.5378947368421053,10.22
교육,지원사유 긴급복지지원,29,0.34793103448275864,10.09
교육,교육인원,19,0.5226315789473684,9.93
공공행정,자동차등록원부(갑을),19,0.5105263157894736,9.7
교육,기관연혁일련번호,16,0.586875,9.39
보건,2020년12월,18,0.5183333333333333,9.33
공공행정,최대지상층수,17,0.5458823529411765,9.280000000000001
교육,합계,26,0.3484615384615385,9.06
보건,2020년6월,18,0.5,9.0
보건,2020년7월,18,0.5,9.0
보건,2020년5월,18,0.5,9.0
교육,401 - 539,28,0.3203571428571429,8.97
보건,10년미만,16,0.555,8.88
보건,2021년6월,18,0.4905555555555556,8.83
공공행정,지표등급일련번호,17,0.5170588235294117,8.79
공공행정,취업인원중 HRD전문가,24,0.3645833333333333,8.75
보건,년도,15,0.5753333333333334,8.63
공공행정,순서,14,0.6114285714285714,8.56
보건,10월,22,0.38863636363636367,8.55
보건,2021년2월,16,0.53125,8.5
보건,심하지않은장애인수,16,0.52625,8.42
교육,신청액,22,0.38227272727272726,8.41
공공행정,의안 번호,13,0.6423076923076922,8.35
보건,2021년1월,17,0.49,8.33
교육,공유 과목 단원 고유번호,22,0.3740909090909091,8.23
교육,이수인원,24,0.3383333333333333,8.12
보건,2020년11월,16,0.5,8.0
보건,2020년10월,16,0.5,8.0
공공행정,접수번호,13,0.6061538461538462,7.88
교육,직원수_남,14,0.5521428571428572,7.73
교육,운영과정 일련번호,12,0.6416666666666667,7.700000000000001
교육,직원수_계,14,0.55,7.700000000000001
교육,현원수,15,0.5133333333333333,7.699999999999999
교육,약물_사이버중독예방,15,0.5133333333333333,7.699999999999999
교육,누적선발인원,24,0.3204166666666667,7.69
공공행정,기계(개사),25,0.3056,7.64
보건,확진자수,23,0.3226086956521739,7.42
보건,종사자 수,18,0.4027777777777778,7.25
교육, 4학년 학급수,14,0.515,7.21
교육, 5학년 학급수,14,0.515,7.21
교육, 6학년 학급수,14,0.515,7.21
보건,확진자수 ,18,0.39499999999999996,7.109999999999999
교육,2023년,21,0.33285714285714285,6.99
보건,날짜,10,0.686,6.86
교육,0,22,0.30863636363636365,6.79
교육, 4_예금이자수입 ,8,0.845,6.76
보건,기숙사진단서 소요기간(일),17,0.39647058823529413,6.74
교육,가정,13,0.5115384615384616,6.650000000000001
교육,승인인원,20,0.33199999999999996,6.639999999999999
공공행정,중상자수,21,0.3147619047619048,6.610000000000001
공공행정,비금속(개사),13,0.5076923076923077,6.6
보건,기타(가구),17,0.3858823529411765,6.5600000000000005
공공행정,다운로드수,13,0.5,6.5
교육,클릭수,20,0.325,6.5
공공행정,게시판 관리테이블 고유번호,13,0.5,6.5
보건,2021년4월,13,0.5,6.5
공공행정,견학신청스케쥴 아이디,13,0.4938461538461538,6.42
보건,2021년5월,13,0.4869230769230769,6.33
보건,2021년 07월,13,0.4869230769230769,6.33
교육,입력순번,13,0.4846153846153846,6.3
보건,허가병상,18,0.34833333333333333,6.27
보건,확진자수(명),19,0.3252631578947368,6.18
보건,정원(병상),17,0.3552941176470588,6.04
공공행정,게시글 수,18,0.33555555555555555,6.04
보건,2021년7월,12,0.5,6.0
보건,2021년 09월,12,0.48583333333333334,5.83
보건,8월,16,0.36312500000000003,5.8100000000000005
공공행정,지방세 납세증명,19,0.3036842105263158,5.77
보건,기준월,10,0.576,5.76
보건,2021년3월,12,0.4633333333333334,5.5600000000000005
공공행정,참석인원,11,0.5036363636363637,5.54
보건,2022년 02월,11,0.48454545454545456,5.33
공공행정,보도자료일련번호,14,0.37857142857142856,5.3
공공행정,소득금액증명,17,0.3070588235294118,5.22
교육,졸업인원(B),10,0.52,5.2
공공행정,년도,11,0.4709090909090909,5.18
보건,12월,12,0.43083333333333335,5.17
교육,301 - 400,16,0.31937499999999996,5.109999999999999
공공행정,직장가입자 국민연금보험료 납부확인서,10,0.51,5.1
보건,2년미만,10,0.51,5.1
교육, 5_예금이자 ,6,0.7933333333333333,4.76
교육,지원방법 도시락,14,0.3378571428571429,4.73
교육,2019년 인원,7,0.67,4.69
공공행정,조회수 기록 일자,9,0.51,4.59
보건,2021년8월,9,0.5,4.5
보건,2020년4월,9,0.4811111111111111,4.33
교육,남,14,0.3085714285714286,4.32
공공행정,팝업창 순서,13,0.33,4.29
보건,채용신체검사 소요기간(일),11,0.3809090909090909,4.19
교육, 학교명 ,6,0.6966666666666667,4.18
교육,교원수 (명)_남,8,0.51875,4.15
교육, 3_교육외비용 ,8,0.515,4.12
교육,미국,8,0.515,4.12
교육,일본,8,0.515,4.12
보건,등록장애인수,13,0.3161538461538462,4.11
교육,총 운영학급수,8,0.51375,4.11
보건,구분,6,0.6783333333333333,4.07
교육,순번(개인정보보호를위한성명대체),6,0.6733333333333333,4.04
공공행정,설치년도,7,0.5757142857142857,4.03
교육,2021년 인원,6,0.67,4.0200000000000005
보건,2021년9월,8,0.5,4.0
교육,2023년 인원,7,0.5399999999999999,3.7799999999999994
보건,확진일자,7,0.5342857142857144,3.7400000000000007
교육, 4_기타교육외비용 ,7,0.5285714285714286,3.7
공공행정,통장 정원,7,0.5085714285714286,3.56
공공행정,통장 현원,7,0.5085714285714286,3.56
보건,컬럼명,8,0.43875,3.51
보건,2021년10월,7,0.5,3.5
교육,2021년,10,0.35,3.5
보건,5월,8,0.43375,3.47
보건,4월,7,0.4757142857142857,3.33
보건,2월,7,0.4757142857142857,3.33
보건,병실,9,0.35111111111111115,3.16
보건,천안시 동남구,6,0.5116666666666667,3.0700000000000003
보건,1년미만,6,0.51,3.06
교육,810 - 900,10,0.304,3.04
보건,상품권(가구),7,0.43285714285714283,3.03
공공행정,경북,5,0.6020000000000001,3.0100000000000007
공공행정,산업단지,3,1.0,3.0
보건,2021년11월,6,0.5,3.0
공공행정,사망자수(명),6,0.5,3.0
교육, 4_등록금수입 ,6,0.48166666666666663,2.8899999999999997
보건,컬럼아이디,6,0.47500000000000003,2.85
보건,표시형식,5,0.568,2.84
보건,2022년2월,6,0.4716666666666667,2.83
보건,2022년6월,6,0.4716666666666667,2.83
보건,빈소수,5,0.5519999999999999,2.76
교육,연간 장서 증가 및 폐기 책수-연간장서증가책수-합계,8,0.34249999999999997,2.7399999999999998
교육,101 - 200,9,0.30333333333333334,2.73
공공행정,식품운반업,7,0.3742857142857143,2.62
보건,입원(명),8,0.3225,2.58
보건,4인이상,5,0.506,2.5300000000000002
공공행정,대전,4,0.6275000000000001,2.5100000000000002
보건,2021년12월,5,0.5,2.5
교육,배정 사업수 ,5,0.5,2.5
교육,배정 학교수,5,0.5,2.5
공공행정,1종 소형,5,0.5,2.5
보건,확진자 수,8,0.31125,2.49
교육, 5_수업료 ,5,0.492,2.46
교육, 5_제세공과금 ,3,0.7966666666666665,2.3899999999999997
교육, 5_지급수수료 ,3,0.7966666666666665,2.3899999999999997
교육,2017년 인원,4,0.585,2.34
교육,코드,4,0.585,2.34
보건,2022년9월,5,0.466,2.33
보건,2022년7월,5,0.466,2.33
보건,9월,5,0.466,2.33
보건,데이터타입,4,0.5725,2.29
교육, 4_운영비 ,3,0.7533333333333333,2.26
공공행정,유연근무자합계,6,0.37333333333333335,2.24
교육, 4_일반관리비 ,3,0.7399999999999999,2.2199999999999998
교육, 4_기타교육외수입 ,5,0.438,2.19
보건,11월,5,0.43200000000000005,2.16
교육, 4_감가상각비 ,3,0.7200000000000001,2.16
교육, 5_잡수입 ,4,0.54,2.16
교육,법인명,4,0.515,2.06
보건,2021년 8월,3,0.67,2.0100000000000002
교육,2_미사용차기이월자금,2,1.0,2.0
교육,2_미사용전기이월자금,2,1.0,2.0
교육,학급수,4,0.5,2.0
보건,2022년1월,4,0.5,2.0
교육,교통안전,4,0.5,2.0
보건,임산부실 정원,2,1.0,2.0
보건,2022년10월,4,0.4575,1.83
교육,630 - 719,6,0.305,1.83
공공행정,근무시간선택형,5,0.366,1.83
보건,1월,4,0.4575,1.83
보건,오더총개수,5,0.36,1.7999999999999998
공공행정,호수,5,0.356,1.7799999999999998
교육,지원사유 소년소녀가정,3,0.57,1.71
보건,기준일,3,0.5633333333333334,1.69
교육, 3_교육외수입 ,3,0.5566666666666666,1.67
교육,2020년,5,0.33,1.6500000000000001
보건,빈소수(개소),3,0.5333333333333333,1.6
보건,월별,2,0.7849999999999999,1.5699999999999998
보건,10년이상,3,0.5166666666666667,1.5500000000000003
교육,보육교직원수,3,0.5133333333333333,1.54
교육,학습 요소 고유번호,3,0.5133333333333333,1.54
교육,활용수,3,0.5,1.5
보건,6월,3,0.5,1.5
보건,2022년5월,3,0.5,1.5
교육,0_기말의현금(2217),2,0.745,1.49
공공행정,진학,4,0.355,1.42
교육,시도,2,0.7050000000000001,1.4100000000000001
교육,일자,4,0.3525,1.41
공공행정,수용인원,3,0.46666666666666673,1.4000000000000001
교육, 5_차량유지비 ,2,0.7,1.4
교육, 5_직원급여 ,2,0.7,1.4
교육, 5_인쇄출판비 ,2,0.7,1.4
교육, 5_증명료 ,2,0.7,1.4
교육, 5_전기수도료 ,2,0.7,1.4
교육, 5_통신비 ,2,0.7,1.4
교육, 5_장비관리비 ,2,0.7,1.4
교육, 5_보험료 ,2,0.7,1.4
교육, 3_등록금수입 ,2,0.7,1.4
교육, 5_교내장학금 ,2,0.7,1.4
교육, 5_교원법정부담금(3) ,2,0.7,1.4
교육, 5_시설용역비 ,2,0.7,1.4
교육, 5_여비교통비 ,2,0.7,1.4
교육, 5_일반용역비 ,2,0.695,1.39
교육, 5_교원급여 ,2,0.695,1.39
교육, 6_교원건강보험부담금(3) ,2,0.695,1.39
교육, 5_회의비 ,2,0.695,1.39
교육, 5_직원법정부담금(4) ,2,0.695,1.39
교육, 6_직원건강보험부담금(4) ,2,0.695,1.39
교육, 5_교육훈련비 ,2,0.695,1.39
교육, 5_시간강의료 ,2,0.695,1.39
교육, 5_교원각종수당 ,2,0.695,1.39
교육, 5_직원각종수당 ,2,0.695,1.39
교육, 5_리스임차료 ,2,0.695,1.39
교육, 5_교외장학금 ,2,0.695,1.39
교육, 3_교육부대수입 ,2,0.69,1.38
교육, 5_복리후생비 ,2,0.69,1.38
교육, 6_직원사학연금부담금(4) ,2,0.69,1.38
교육, 5_행사비 ,2,0.69,1.38
교육, 6_교원사학연금부담금(3) ,2,0.69,1.38
교육, 4_증명사용료수입 ,2,0.69,1.38
교육, 5_대여료및사용료 ,2,0.69,1.38
교육, 5_기타운영비 ,2,0.685,1.37
교육, 5_홍보비 ,2,0.685,1.37
교육, 5_건축물관리비 ,2,0.685,1.37
교육, 4_시설관리비 ,2,0.6799999999999999,1.3599999999999999
교육,2022년 인원,2,0.67,1.34
공공행정,세종,2,0.67,1.34
교육, 5_학생지원비 ,2,0.665,1.33
교육, 4_교원보수 ,2,0.6599999999999999,1.3199999999999998
교육, 5_소모품비 ,2,0.655,1.31
보건,남자,3,0.43333333333333335,1.3
공공행정,주말운영종료시간,3,0.43333333333333335,1.3
교육, 5_유형고정자산감가상각비 ,2,0.6499999999999999,1.2999999999999998
교육, 4_직원보수 ,2,0.645,1.29
교육, 3_보수 ,2,0.645,1.29
보건,월,3,0.42333333333333334,1.27
보건,1인가구,4,0.3125,1.25
교육, 4_학생경비 ,2,0.605,1.21
교육, 3_연구학생경비 ,2,0.605,1.21
교육,게시글 번호,3,0.39666666666666667,1.19
보건,게시판번호,3,0.38666666666666666,1.16
교육,교육청,2,0.575,1.15
보건,일자,3,0.3833333333333333,1.15
공공행정,지원인원,3,0.3766666666666667,1.1300000000000001
공공행정,위탁급식,3,0.3766666666666667,1.1300000000000001
교육,2_기본금(2072),2,0.53,1.06
교육,폐교 년도,2,0.53,1.06
공공행정,가이드순서(SEQ),3,0.35000000000000003,1.05
공공행정,행정동명,2,0.5249999999999999,1.0499999999999998
공공행정,날짜,2,0.51,1.02
교육,등록연도,2,0.505,1.01
공공행정,특이사항순번,3,0.33666666666666667,1.01
보건,관리행정지역,1,1.0,1.0
교육,0_기초의현금(2215),1,1.0,1.0
교육,3_운영차익(2084),1,1.0,1.0
보건,운영형태,1,1.0,1.0
보건,출력물명,1,1.0,1.0
보건,종사자수(현원),2,0.5,1.0
보건,흡연시설 설치주체,1,1.0,1.0
교육,교육자료명,1,1.0,1.0
교육,최종정답 공개 종료 일시,1,1.0,1.0
교육,채용희망직종항목,1,1.0,1.0
교육,정답가(안) 공개 종료 일시,1,1.0,1.0
보건,흡연시설 구분,1,1.0,1.0
교육,학생수 합계,1,1.0,1.0
교육,학교별순세계잉여금_세입결산금액,1,1.0,1.0
보건,전문의,2,0.5,1.0
공공행정,2020년,2,0.5,1.0
보건,2022년8월,2,0.5,1.0
교육,3_유동부채(2054),1,1.0,1.0
교육,4_예금이자수입,1,1.0,1.0
교육,3_미사용차기이월자금,1,1.0,1.0
교육,3_미사용전기이월자금,1,1.0,1.0
교육,제목,1,1.0,1.0
교육,3_운영외수익(2045),1,1.0,1.0
교육,생성일시,1,1.0,1.0
교육,정답가(안) 공개 시작 일시,1,1.0,1.0
교육,생정일시,1,1.0,1.0
보건,컬럼설명,3,0.33,0.99
교육,2022년,3,0.33,0.99
교육,학교별순세계잉여금_세출결산금액,1,0.98,0.98
교육,3_유동자산(2003),1,0.95,0.95
교육,과제명,1,0.95,0.95
공공행정,주차면수,3,0.3133333333333333,0.94
교육,학교기업명,1,0.93,0.93
보건,기준날짜,1,0.89,0.89
공공행정,구매월,1,0.86,0.86
교육,기준일,2,0.41500000000000004,0.8300000000000001
보건,3월,2,0.41500000000000004,0.8300000000000001
교육,등록일,1,0.83,0.83
공공행정,집단급식소식품판매업,2,0.4,0.8
공공행정,식품제조가공업,2,0.4,0.8
공공행정,코드명,1,0.78,0.78
교육,표출 어휘,1,0.77,0.77
교육,교양과목,1,0.76,0.76
공공행정,데이터기준일자,2,0.365,0.73
교육,정원,2,0.365,0.73
보건,시험명,1,0.72,0.72
교육, 3_관리운영비 ,1,0.7,0.7
교육, 2_운영비용 ,1,0.7,0.7
교육, 4_기부금수입 ,1,0.7,0.7
교육, 3_전입및기부수입 ,1,0.7,0.7
교육,바로가기 주소(URL),2,0.35,0.7
교육, 2_당기운영차액 ,1,0.7,0.7
교육, 2_운영수익 ,1,0.7,0.7
공공행정,시작일자,1,0.7,0.7
교육, 법인명 ,1,0.68,0.68
공공행정,기타식품판매,2,0.33,0.66
공공행정,단란주점,2,0.33,0.66
공공행정,유흥주점,2,0.33,0.66
공공행정,최대탑승인원(실습생),2,0.33,0.66
보건,컬럼ID,2,0.32999999999999996,0.6599999999999999
공공행정, 생성시간,1,0.65,0.65
교육,폐교년도,2,0.325,0.65
보건,기 타,2,0.32,0.64
공공행정,식품자판기,2,0.32,0.64
교육,순세계잉여금액,1,0.64,0.64
공공행정,한국인 아내 외국인 남편 혼인,2,0.315,0.63
공공행정,학교명,1,0.62,0.62
공공행정,회원등급명,1,0.6,0.6
보건,3인가구,1,0.57,0.57
공공행정,카테고리 수,1,0.57,0.57
공공행정,팝업타입,1,0.57,0.57
보건,2017년_요양병원,1,0.53,0.53
교육,1_현금유입액(2002),1,0.53,0.53
공공행정,접수일,1,0.52,0.52
공공행정,2019년,1,0.5,0.5
보건,2022년4월,1,0.5,0.5
보건,2022년11월,1,0.5,0.5
보건,2017년_병원,1,0.5,0.5
공공행정,경영평가 종합등급(절대),1,0.5,0.5
교육,1인당 대여 가능 장난감 수,1,0.5,0.5
공공행정,최초등록시점,1,0.5,0.5
공공행정,경영평가 종합등급(상대),1,0.5,0.5
보건,6월미만(명),1,0.5,0.5
공공행정,학교생활기록부(초중고),1,0.5,0.5
교육,월,1,0.5,0.5
교육,1_기말의현금(2218),1,0.49,0.49
공공행정,규격,1,0.47,0.47
교육,과목명,1,0.47,0.47
교육,게시물번호,1,0.46,0.46
교육,기관_학교명,1,0.46,0.46
보건,이용자수(현원),1,0.41,0.41
공공행정,설치위치,1,0.41,0.41
교육,컴퓨터수,1,0.4,0.4
공공행정,시설종류,1,0.4,0.4
공공행정,주말운영요일,1,0.4,0.4
교육,졸업자수_남,1,0.4,0.4
교육,대분류명칭,1,0.4,0.4
공공행정,평일운영요일,1,0.4,0.4
교육,입학자수_남,1,0.4,0.4
교육,업무소요시간,1,0.4,0.4
보건,여자,1,0.4,0.4
보건,세탁업,1,0.39,0.39
보건,colId,1,0.37,0.37
교육,지원사유 기타,1,0.36,0.36
보건,합계,1,0.36,0.36
보건,의료기관전화번호,1,0.35,0.35
교육,유치원명,1,0.35,0.35
교육,점수 제도 카테고리 코드,1,0.34,0.34
교육,주소,1,0.34,0.34
공공행정,가로등 주,1,0.33,0.33
공공행정,지정면적(천제곱미터),1,0.33,0.33
교육,지원사유 보호자부재,1,0.33,0.33
공공행정,평가시스템명,1,0.33,0.33
보건,2022년12월,1,0.33,0.33
보건,의료기관명,1,0.33,0.33
교육,신청대비배정비율,1,0.33,0.33
보건,2021년 9월,1,0.33,0.33
공공행정,매수,1,0.33,0.33
보건,연락처,1,0.31,0.31
교육,등록번호,1,0.31,0.31
교육,교원수 합계,1,0.31,0.31
보건,전체접종률,1,0.3,0.3
교육,실기접수,1,0.3,0.3
공공행정,부서코드,1,0.3,0.3
교육,어린이집전화번호,1,0.3,0.3
보건,브랜디,1,0.3,0.3
