support,itemsets_str
0.7004969418960245,domain_spread=대공유(21+)
0.5795107033639144,col_type=수치형
0.5592507645259939,"col_type=수치형, domain_spread=대공유(21+)"
0.5504587155963303,rec_bucket=중(101-1k)
0.5328746177370031,pk_bucket=저PK(0-0.3)
0.5139525993883792,cate2=고등교육
0.4994266055045872,dom_sim_bucket=낮은유사(0-0.1)
0.4573776758409786,"cate2=고등교육, domain_spread=대공유(21+)"
0.4554663608562691,"domain_spread=대공유(21+), rec_bucket=중(101-1k)"
0.42048929663608564,col_type=범주형
0.4168577981651376,"cate2=고등교육, col_type=수치형"
0.411697247706422,"cate2=고등교육, col_type=수치형, domain_spread=대공유(21+)"
0.4090214067278288,"col_type=수치형, rec_bucket=중(101-1k)"
0.40214067278287463,"col_type=수치형, domain_spread=대공유(21+), rec_bucket=중(101-1k)"
0.39965596330275227,"cate2=고등교육, rec_bucket=중(101-1k)"
0.38742354740061163,"domain_spread=대공유(21+), pk_bucket=저PK(0-0.3)"
0.3790137614678899,"cate2=고등교육, domain_spread=대공유(21+), rec_bucket=중(101-1k)"
0.3614296636085627,"cate2=고등교육, col_type=수치형, rec_bucket=중(101-1k)"
0.3587538226299694,"cate2=고등교육, col_type=수치형, domain_spread=대공유(21+), rec_bucket=중(101-1k)"
0.32454128440366975,"dom_sim_bucket=낮은유사(0-0.1), domain_spread=대공유(21+)"
0.31594036697247707,"pk_bucket=저PK(0-0.3), rec_bucket=중(101-1k)"
0.31326452599388377,"dom_sim_bucket=낮은유사(0-0.1), rec_bucket=중(101-1k)"
0.30351681957186544,"col_type=수치형, pk_bucket=저PK(0-0.3)"
0.30275229357798167,"cate2=고등교육, pk_bucket=저PK(0-0.3)"
0.2974006116207951,"col_type=수치형, domain_spread=대공유(21+), pk_bucket=저PK(0-0.3)"
0.28574159021406725,"col_type=수치형, dom_sim_bucket=낮은유사(0-0.1)"
0.2775229357798165,"cate2=고등교육, dom_sim_bucket=낮은유사(0-0.1)"
0.27446483180428133,"col_type=수치형, dom_sim_bucket=낮은유사(0-0.1), domain_spread=대공유(21+)"
0.26815749235474007,"cate2=고등교육, domain_spread=대공유(21+), pk_bucket=저PK(0-0.3)"
0.26605504587155965,rec_bucket=소(≤100)
0.261085626911315,"domain_spread=대공유(21+), pk_bucket=저PK(0-0.3), rec_bucket=중(101-1k)"
0.25649847094801226,"dom_sim_bucket=낮은유사(0-0.1), domain_spread=대공유(21+), rec_bucket=중(101-1k)"
0.25324923547400613,"cate2=고등교육, dom_sim_bucket=낮은유사(0-0.1), domain_spread=대공유(21+)"
0.2444571865443425,"cate2=고등교육, col_type=수치형, dom_sim_bucket=낮은유사(0-0.1)"
0.24407492354740062,"col_type=수치형, dom_sim_bucket=낮은유사(0-0.1), rec_bucket=중(101-1k)"
0.24139908256880735,"cate2=고등교육, col_type=수치형, dom_sim_bucket=낮은유사(0-0.1), domain_spread=대공유(21+)"
0.2392966360856269,"col_type=수치형, dom_sim_bucket=낮은유사(0-0.1), domain_spread=대공유(21+), rec_bucket=중(101-1k)"
0.23834097859327216,"cate2=고등교육, col_type=수치형, pk_bucket=저PK(0-0.3)"
0.2368119266055046,"cate2=고등교육, col_type=수치형, domain_spread=대공유(21+), pk_bucket=저PK(0-0.3)"
0.23623853211009174,"cate2=고등교육, dom_sim_bucket=낮은유사(0-0.1), rec_bucket=중(101-1k)"
0.23203363914373087,"col_type=수치형, pk_bucket=저PK(0-0.3), rec_bucket=중(101-1k)"
0.2312691131498471,"cate2=고등교육, pk_bucket=저PK(0-0.3), rec_bucket=중(101-1k)"
0.22935779816513763,"col_type=범주형, pk_bucket=저PK(0-0.3)"
0.22935779816513763,"col_type=수치형, domain_spread=대공유(21+), pk_bucket=저PK(0-0.3), rec_bucket=중(101-1k)"
0.22782874617737003,"cate2=고등교육, dom_sim_bucket=낮은유사(0-0.1), domain_spread=대공유(21+), rec_bucket=중(101-1k)"
0.22668195718654435,"cate2=고등교육, col_type=수치형, dom_sim_bucket=낮은유사(0-0.1), rec_bucket=중(101-1k)"
0.22477064220183487,"cate2=고등교육, col_type=수치형, dom_sim_bucket=낮은유사(0-0.1), domain_spread=대공유(21+), rec_bucket=중(101-1k)"
0.21827217125382262,"cate2=고등교육, domain_spread=대공유(21+), pk_bucket=저PK(0-0.3), rec_bucket=중(101-1k)"
0.21368501529051986,"col_type=범주형, dom_sim_bucket=낮은유사(0-0.1)"
0.2069954128440367,"cate2=고등교육, col_type=수치형, pk_bucket=저PK(0-0.3), rec_bucket=중(101-1k)"
0.20642201834862386,"cate2=고등교육, col_type=수치형, domain_spread=대공유(21+), pk_bucket=저PK(0-0.3), rec_bucket=중(101-1k)"
0.19839449541284404,pk_bucket=최고PK(0.9+)
0.18405963302752293,pk_bucket=중PK(0.3-0.7)
0.183868501529052,dom_sim_bucket=중유사(0.1-0.3)
0.1798547400611621,dom_sim_bucket=최고유사(0.6+)
0.17603211009174313,cate2=유아및초·중등교육
0.1699159021406728,"dom_sim_bucket=낮은유사(0-0.1), pk_bucket=저PK(0-0.3)"
0.16551987767584098,cate2=교육일반
0.1632262996941896,"col_type=범주형, rec_bucket=소(≤100)"
0.15997706422018348,"dom_sim_bucket=최고유사(0.6+), pk_bucket=저PK(0-0.3)"
0.1444954128440367,cate2=평생·직업교육
0.1444954128440367,domain_spread=단독
0.14430428134556575,"domain_spread=대공유(21+), pk_bucket=중PK(0.3-0.7)"
0.143348623853211,"dom_sim_bucket=중유사(0.1-0.3), domain_spread=대공유(21+)"
0.14143730886850153,"col_type=범주형, rec_bucket=중(101-1k)"
0.1412461773700306,"col_type=범주형, domain_spread=대공유(21+)"
0.13723241590214066,"col_type=범주형, domain_spread=단독"
0.13685015290519878,dom_sim_bucket=높은유사(0.3-0.6)
0.1345565749235474,"dom_sim_bucket=낮은유사(0-0.1), pk_bucket=중PK(0.3-0.7)"
0.13226299694189603,"dom_sim_bucket=최고유사(0.6+), domain_spread=대공유(21+)"
0.13168960244648317,"dom_sim_bucket=낮은유사(0-0.1), pk_bucket=최고PK(0.9+)"
0.12519113149847094,"domain_spread=대공유(21+), rec_bucket=소(≤100)"
0.12347094801223242,"dom_sim_bucket=낮은유사(0-0.1), domain_spread=단독"
0.12136850152905199,"col_type=수치형, pk_bucket=중PK(0.3-0.7)"
0.12041284403669725,"dom_sim_bucket=최고유사(0.6+), domain_spread=대공유(21+), pk_bucket=저PK(0-0.3)"
0.12003058103975535,"col_type=수치형, domain_spread=대공유(21+), pk_bucket=중PK(0.3-0.7)"
0.12003058103975535,"cate2=유아및초·중등교육, col_type=범주형"
0.11716360856269113,"col_type=범주형, dom_sim_bucket=낮은유사(0-0.1), domain_spread=단독"
0.11659021406727829,"pk_bucket=중PK(0.3-0.7), rec_bucket=중(101-1k)"
0.11391437308868502,"dom_sim_bucket=중유사(0.1-0.3), pk_bucket=저PK(0-0.3)"
0.11353211009174312,"cate2=고등교육, pk_bucket=중PK(0.3-0.7)"
0.11200305810397554,"col_type=수치형, dom_sim_bucket=중유사(0.1-0.3)"
0.10913608562691131,"dom_sim_bucket=낮은유사(0-0.1), domain_spread=대공유(21+), pk_bucket=중PK(0.3-0.7)"
0.10875382262996942,"pk_bucket=최고PK(0.9+), rec_bucket=소(≤100)"
0.10856269113149847,"cate2=교육일반, col_type=범주형"
0.10856269113149847,"col_type=수치형, dom_sim_bucket=중유사(0.1-0.3), domain_spread=대공유(21+)"
0.10818042813455657,"dom_sim_bucket=낮은유사(0-0.1), domain_spread=대공유(21+), pk_bucket=저PK(0-0.3)"
0.10722477064220183,"cate2=고등교육, domain_spread=대공유(21+), pk_bucket=중PK(0.3-0.7)"
0.10607798165137615,rec_bucket=대(1k-10k)
0.10493119266055045,"dom_sim_bucket=낮은유사(0-0.1), pk_bucket=중PK(0.3-0.7), rec_bucket=중(101-1k)"
0.10435779816513761,"domain_spread=대공유(21+), pk_bucket=중PK(0.3-0.7), rec_bucket=중(101-1k)"
0.10301987767584098,"cate2=유아및초·중등교육, rec_bucket=소(≤100)"
0.10282874617737003,"col_type=수치형, rec_bucket=소(≤100)"
0.1022553516819572,"col_type=수치형, dom_sim_bucket=최고유사(0.6+)"
0.1022553516819572,"col_type=범주형, pk_bucket=최고PK(0.9+)"
0.1018730886850153,"domain_spread=대공유(21+), pk_bucket=최고PK(0.9+)"
0.1011085626911315,"cate2=고등교육, dom_sim_bucket=낮은유사(0-0.1), pk_bucket=중PK(0.3-0.7)"
0.10053516819571866,"dom_sim_bucket=낮은유사(0-0.1), pk_bucket=저PK(0-0.3), rec_bucket=중(101-1k)"
0.1003440366972477,"dom_sim_bucket=높은유사(0.3-0.6), domain_spread=대공유(21+)"
0.09996177370030582,"col_type=수치형, dom_sim_bucket=최고유사(0.6+), domain_spread=대공유(21+)"
0.09900611620795106,"cate2=고등교육, col_type=수치형, pk_bucket=중PK(0.3-0.7)"
0.09881498470948012,"cate2=고등교육, col_type=수치형, domain_spread=대공유(21+), pk_bucket=중PK(0.3-0.7)"
0.09824159021406728,"col_type=수치형, dom_sim_bucket=낮은유사(0-0.1), pk_bucket=중PK(0.3-0.7)"
0.09805045871559633,"dom_sim_bucket=중유사(0.1-0.3), rec_bucket=중(101-1k)"
0.09785932721712538,"cate2=고등교육, dom_sim_bucket=최고유사(0.6+)"
0.09766819571865444,"cate2=고등교육, pk_bucket=중PK(0.3-0.7), rec_bucket=중(101-1k)"
0.09766819571865444,"col_type=수치형, dom_sim_bucket=낮은유사(0-0.1), domain_spread=대공유(21+), pk_bucket=중PK(0.3-0.7)"
0.09747706422018348,"cate2=고등교육, dom_sim_bucket=낮은유사(0-0.1), domain_spread=대공유(21+), pk_bucket=중PK(0.3-0.7)"
0.09709480122324159,"cate2=고등교육, col_type=범주형"
0.09671253822629969,"cate2=고등교육, dom_sim_bucket=낮은유사(0-0.1), pk_bucket=저PK(0-0.3)"
0.09613914373088685,"col_type=수치형, pk_bucket=최고PK(0.9+)"
0.095565749235474,"dom_sim_bucket=중유사(0.1-0.3), domain_spread=대공유(21+), pk_bucket=저PK(0-0.3)"
0.095565749235474,"dom_sim_bucket=낮은유사(0-0.1), domain_spread=대공유(21+), pk_bucket=중PK(0.3-0.7), rec_bucket=중(101-1k)"
0.09518348623853211,"cate2=고등교육, domain_spread=대공유(21+), pk_bucket=중PK(0.3-0.7), rec_bucket=중(101-1k)"
0.09480122324159021,"cate2=평생·직업교육, col_type=범주형"
0.09441896024464831,"col_type=수치형, pk_bucket=중PK(0.3-0.7), rec_bucket=중(101-1k)"
0.09384556574923547,"cate2=고등교육, col_type=수치형, dom_sim_bucket=낮은유사(0-0.1), pk_bucket=중PK(0.3-0.7)"
0.09384556574923547,"col_type=수치형, domain_spread=대공유(21+), pk_bucket=중PK(0.3-0.7), rec_bucket=중(101-1k)"
0.09365443425076453,"cate2=고등교육, col_type=수치형, dom_sim_bucket=낮은유사(0-0.1), domain_spread=대공유(21+), pk_bucket=중PK(0.3-0.7)"
0.09288990825688073,"cate2=고등교육, dom_sim_bucket=낮은유사(0-0.1), pk_bucket=중PK(0.3-0.7), rec_bucket=중(101-1k)"
0.0915519877675841,"cate2=고등교육, dom_sim_bucket=낮은유사(0-0.1), domain_spread=대공유(21+), pk_bucket=중PK(0.3-0.7), rec_bucket=중(101-1k)"
0.0915519877675841,"col_type=수치형, dom_sim_bucket=낮은유사(0-0.1), pk_bucket=중PK(0.3-0.7), rec_bucket=중(101-1k)"
0.0911697247706422,"col_type=수치형, domain_spread=대공유(21+), rec_bucket=소(≤100)"
0.09097859327217125,"col_type=수치형, dom_sim_bucket=최고유사(0.6+), pk_bucket=저PK(0-0.3)"
0.09097859327217125,"col_type=수치형, dom_sim_bucket=낮은유사(0-0.1), domain_spread=대공유(21+), pk_bucket=중PK(0.3-0.7), rec_bucket=중(101-1k)"
0.09059633027522936,"cate2=고등교육, col_type=수치형, pk_bucket=중PK(0.3-0.7), rec_bucket=중(101-1k)"
0.09040519877675841,"cate2=고등교육, col_type=수치형, domain_spread=대공유(21+), pk_bucket=중PK(0.3-0.7), rec_bucket=중(101-1k)"
0.09021406727828746,"cate2=고등교육, col_type=수치형, dom_sim_bucket=낮은유사(0-0.1), pk_bucket=중PK(0.3-0.7), rec_bucket=중(101-1k)"
0.09002293577981652,"cate2=고등교육, col_type=수치형, dom_sim_bucket=낮은유사(0-0.1), domain_spread=대공유(21+), pk_bucket=중PK(0.3-0.7), rec_bucket=중(101-1k)"
0.09002293577981652,"cate2=고등교육, dom_sim_bucket=최고유사(0.6+), pk_bucket=저PK(0-0.3)"
0.09002293577981652,"col_type=범주형, domain_spread=대공유(21+), pk_bucket=저PK(0-0.3)"
0.08964067278287462,"col_type=수치형, dom_sim_bucket=낮은유사(0-0.1), pk_bucket=저PK(0-0.3)"
0.08944954128440367,"cate2=교육일반, pk_bucket=저PK(0-0.3)"
0.08925840978593272,"dom_sim_bucket=최고유사(0.6+), rec_bucket=중(101-1k)"
0.08906727828746178,"dom_sim_bucket=높은유사(0.3-0.6), pk_bucket=저PK(0-0.3)"
0.08906727828746178,"col_type=수치형, dom_sim_bucket=최고유사(0.6+), domain_spread=대공유(21+), pk_bucket=저PK(0-0.3)"
0.08868501529051988,"dom_sim_bucket=낮은유사(0-0.1), rec_bucket=소(≤100)"
0.08811162079510704,"dom_sim_bucket=최고유사(0.6+), pk_bucket=저PK(0-0.3), rec_bucket=중(101-1k)"
0.08772935779816514,"cate2=교육일반, domain_spread=대공유(21+)"
0.08753822629969418,"dom_sim_bucket=중유사(0.1-0.3), domain_spread=대공유(21+), rec_bucket=중(101-1k)"
0.0871559633027523,"cate2=고등교육, dom_sim_bucket=중유사(0.1-0.3)"
0.08696483180428134,"col_type=수치형, dom_sim_bucket=낮은유사(0-0.1), domain_spread=대공유(21+), pk_bucket=저PK(0-0.3)"
0.08620030581039756,"cate2=고등교육, dom_sim_bucket=낮은유사(0-0.1), domain_spread=대공유(21+), pk_bucket=저PK(0-0.3)"
0.08581804281345566,"cate2=고등교육, dom_sim_bucket=최고유사(0.6+), domain_spread=대공유(21+)"
0.08486238532110092,"col_type=수치형, domain_spread=대공유(21+), pk_bucket=최고PK(0.9+)"
0.08467125382262997,pk_bucket=고PK(0.7-0.9)
0.08448012232415902,"domain_spread=단독, rec_bucket=소(≤100)"
0.08390672782874618,"col_type=범주형, pk_bucket=저PK(0-0.3), rec_bucket=중(101-1k)"
0.08295107033639144,"pk_bucket=저PK(0-0.3), rec_bucket=소(≤100)"
0.08275993883792049,domain_spread=중공유(6-20)
0.08142201834862385,"cate2=고등교육, col_type=수치형, dom_sim_bucket=낮은유사(0-0.1), pk_bucket=저PK(0-0.3)"
0.08065749235474007,"col_type=범주형, dom_sim_bucket=낮은유사(0-0.1), rec_bucket=소(≤100)"
0.08046636085626911,"cate2=고등교육, col_type=수치형, dom_sim_bucket=낮은유사(0-0.1), domain_spread=대공유(21+), pk_bucket=저PK(0-0.3)"
0.08046636085626911,"cate2=고등교육, dom_sim_bucket=최고유사(0.6+), domain_spread=대공유(21+), pk_bucket=저PK(0-0.3)"
0.08027522935779817,"col_type=범주형, domain_spread=단독, rec_bucket=소(≤100)"
0.08027522935779817,"col_type=범주형, dom_sim_bucket=낮은유사(0-0.1), pk_bucket=저PK(0-0.3)"
0.07970183486238532,"cate2=고등교육, dom_sim_bucket=중유사(0.1-0.3), domain_spread=대공유(21+)"
0.07951070336391437,"col_type=수치형, dom_sim_bucket=높은유사(0.3-0.6)"
0.07931957186544343,"cate2=유아및초·중등교육, domain_spread=대공유(21+)"
0.07874617737003058,"dom_sim_bucket=중유사(0.1-0.3), pk_bucket=저PK(0-0.3), rec_bucket=중(101-1k)"
0.07855504587155963,"col_type=범주형, dom_sim_bucket=낮은유사(0-0.1), pk_bucket=최고PK(0.9+)"
0.07817278287461774,"dom_sim_bucket=낮은유사(0-0.1), domain_spread=대공유(21+), pk_bucket=저PK(0-0.3), rec_bucket=중(101-1k)"
0.0775993883792049,"col_type=범주형, dom_sim_bucket=최고유사(0.6+)"
0.07740825688073394,rec_bucket=초대(10k+)
0.07740825688073394,"cate2=고등교육, dom_sim_bucket=낮은유사(0-0.1), pk_bucket=저PK(0-0.3), rec_bucket=중(101-1k)"
0.0764525993883792,"col_type=수치형, dom_sim_bucket=중유사(0.1-0.3), pk_bucket=저PK(0-0.3)"
0.07626146788990826,"col_type=수치형, dom_sim_bucket=높은유사(0.3-0.6), domain_spread=대공유(21+)"
0.07607033639143732,"cate2=평생·직업교육, domain_spread=대공유(21+)"
0.07587920489296636,"col_type=수치형, dom_sim_bucket=중유사(0.1-0.3), domain_spread=대공유(21+), pk_bucket=저PK(0-0.3)"
0.07568807339449542,"cate2=유아및초·중등교육, dom_sim_bucket=낮은유사(0-0.1)"
0.07568807339449542,"cate2=고등교육, col_type=수치형, dom_sim_bucket=최고유사(0.6+), domain_spread=대공유(21+)"
0.07568807339449542,"cate2=고등교육, col_type=수치형, dom_sim_bucket=최고유사(0.6+)"
0.07530581039755352,"col_type=범주형, domain_spread=중공유(6-20)"
0.07473241590214068,"col_type=수치형, dom_sim_bucket=낮은유사(0-0.1), pk_bucket=저PK(0-0.3), rec_bucket=중(101-1k)"
0.07473241590214068,"cate2=교육일반, dom_sim_bucket=낮은유사(0-0.1)"
0.07396788990825688,"cate2=고등교육, dom_sim_bucket=낮은유사(0-0.1), domain_spread=대공유(21+), pk_bucket=저PK(0-0.3), rec_bucket=중(101-1k)"
0.07377675840978594,"cate2=고등교육, col_type=수치형, dom_sim_bucket=낮은유사(0-0.1), pk_bucket=저PK(0-0.3), rec_bucket=중(101-1k)"
0.07358562691131498,"col_type=수치형, dom_sim_bucket=낮은유사(0-0.1), domain_spread=대공유(21+), pk_bucket=저PK(0-0.3), rec_bucket=중(101-1k)"
0.07339449541284404,"cate2=고등교육, col_type=수치형, dom_sim_bucket=낮은유사(0-0.1), domain_spread=대공유(21+), pk_bucket=저PK(0-0.3), rec_bucket=중(101-1k)"
0.07301223241590214,"dom_sim_bucket=최고유사(0.6+), domain_spread=대공유(21+), pk_bucket=저PK(0-0.3), rec_bucket=중(101-1k)"
0.07301223241590214,"dom_sim_bucket=최고유사(0.6+), domain_spread=대공유(21+), rec_bucket=중(101-1k)"
0.07301223241590214,"cate2=고등교육, dom_sim_bucket=중유사(0.1-0.3), pk_bucket=저PK(0-0.3)"
0.07262996941896024,"dom_sim_bucket=낮은유사(0-0.1), domain_spread=단독, rec_bucket=소(≤100)"
0.07186544342507645,"col_type=범주형, dom_sim_bucket=중유사(0.1-0.3)"
0.07148318042813456,"dom_sim_bucket=중유사(0.1-0.3), domain_spread=대공유(21+), pk_bucket=저PK(0-0.3), rec_bucket=중(101-1k)"
0.07148318042813456,"cate2=평생·직업교육, dom_sim_bucket=낮은유사(0-0.1)"
0.0712920489296636,"pk_bucket=저PK(0-0.3), rec_bucket=대(1k-10k)"
0.07071865443425077,"cate2=고등교육, col_type=수치형, dom_sim_bucket=최고유사(0.6+), pk_bucket=저PK(0-0.3)"
0.07071865443425077,"cate2=고등교육, col_type=수치형, dom_sim_bucket=최고유사(0.6+), domain_spread=대공유(21+), pk_bucket=저PK(0-0.3)"
0.07033639143730887,"cate2=평생·직업교육, pk_bucket=저PK(0-0.3)"
0.07033639143730887,"pk_bucket=최고PK(0.9+), rec_bucket=중(101-1k)"
0.07033639143730887,"cate2=유아및초·중등교육, pk_bucket=저PK(0-0.3)"
0.07014525993883793,"col_type=수치형, dom_sim_bucket=중유사(0.1-0.3), rec_bucket=중(101-1k)"
0.06995412844036697,"col_type=수치형, dom_sim_bucket=중유사(0.1-0.3), domain_spread=대공유(21+), rec_bucket=중(101-1k)"
0.06918960244648319,"col_type=범주형, dom_sim_bucket=낮은유사(0-0.1), rec_bucket=중(101-1k)"
0.06899847094801223,"col_type=범주형, dom_sim_bucket=최고유사(0.6+), pk_bucket=저PK(0-0.3)"
0.06880733944954129,"col_type=범주형, dom_sim_bucket=낮은유사(0-0.1), domain_spread=단독, rec_bucket=소(≤100)"
0.06842507645259939,"cate2=고등교육, dom_sim_bucket=최고유사(0.6+), rec_bucket=중(101-1k)"
0.06842507645259939,"col_type=범주형, rec_bucket=대(1k-10k)"
0.06804281345565749,"cate2=유아및초·중등교육, col_type=범주형, rec_bucket=소(≤100)"
0.06804281345565749,"cate2=고등교육, dom_sim_bucket=중유사(0.1-0.3), domain_spread=대공유(21+), pk_bucket=저PK(0-0.3)"
0.06746941896024465,"cate2=고등교육, dom_sim_bucket=최고유사(0.6+), pk_bucket=저PK(0-0.3), rec_bucket=중(101-1k)"
0.06708715596330275,"cate2=교육일반, rec_bucket=소(≤100)"
0.06689602446483181,"domain_spread=대공유(21+), pk_bucket=고PK(0.7-0.9)"
0.06651376146788991,"cate2=고등교육, dom_sim_bucket=중유사(0.1-0.3), rec_bucket=중(101-1k)"
0.06632262996941896,"domain_spread=대공유(21+), rec_bucket=대(1k-10k)"
0.06574923547400612,"cate2=고등교육, col_type=수치형, dom_sim_bucket=중유사(0.1-0.3)"
0.06498470948012232,"cate2=고등교육, col_type=수치형, dom_sim_bucket=중유사(0.1-0.3), domain_spread=대공유(21+)"
0.06441131498470948,"cate2=고등교육, col_type=범주형, pk_bucket=저PK(0-0.3)"
0.06422018348623854,"col_type=수치형, dom_sim_bucket=최고유사(0.6+), rec_bucket=중(101-1k)"
0.06422018348623854,"cate2=고등교육, dom_sim_bucket=중유사(0.1-0.3), domain_spread=대공유(21+), rec_bucket=중(101-1k)"
0.06422018348623854,"col_type=수치형, dom_sim_bucket=최고유사(0.6+), pk_bucket=저PK(0-0.3), rec_bucket=중(101-1k)"
0.06383792048929664,"col_type=범주형, pk_bucket=최고PK(0.9+), rec_bucket=소(≤100)"
0.06364678899082568,"cate2=교육일반, col_type=범주형, dom_sim_bucket=낮은유사(0-0.1)"
0.06345565749235474,"col_type=수치형, dom_sim_bucket=최고유사(0.6+), domain_spread=대공유(21+), rec_bucket=중(101-1k)"
0.06345565749235474,"col_type=수치형, dom_sim_bucket=최고유사(0.6+), domain_spread=대공유(21+), pk_bucket=저PK(0-0.3), rec_bucket=중(101-1k)"
0.0632645259938838,"dom_sim_bucket=낮은유사(0-0.1), pk_bucket=고PK(0.7-0.9)"
0.0632645259938838,"dom_sim_bucket=높은유사(0.3-0.6), domain_spread=대공유(21+), pk_bucket=저PK(0-0.3)"
0.0632645259938838,"cate2=유아및초·중등교육, pk_bucket=최고PK(0.9+)"
0.0628822629969419,"col_type=수치형, dom_sim_bucket=중유사(0.1-0.3), pk_bucket=저PK(0-0.3), rec_bucket=중(101-1k)"
0.0628822629969419,"col_type=수치형, dom_sim_bucket=중유사(0.1-0.3), domain_spread=대공유(21+), pk_bucket=저PK(0-0.3), rec_bucket=중(101-1k)"
0.06269113149847094,"col_type=범주형, pk_bucket=중PK(0.3-0.7)"
0.06269113149847094,"pk_bucket=저PK(0-0.3), rec_bucket=초대(10k+)"
0.06269113149847094,"dom_sim_bucket=낮은유사(0-0.1), pk_bucket=최고PK(0.9+), rec_bucket=중(101-1k)"
0.0621177370030581,"cate2=유아및초·중등교육, col_type=범주형, dom_sim_bucket=낮은유사(0-0.1)"
0.06154434250764526,"dom_sim_bucket=높은유사(0.3-0.6), rec_bucket=소(≤100)"
0.06135321100917431,"cate2=고등교육, dom_sim_bucket=최고유사(0.6+), domain_spread=대공유(21+), rec_bucket=중(101-1k)"
0.06135321100917431,"cate2=고등교육, dom_sim_bucket=최고유사(0.6+), domain_spread=대공유(21+), pk_bucket=저PK(0-0.3), rec_bucket=중(101-1k)"
0.06135321100917431,"cate2=교육일반, col_type=범주형, pk_bucket=저PK(0-0.3)"
0.060970948012232414,"cate2=고등교육, col_type=수치형, dom_sim_bucket=중유사(0.1-0.3), pk_bucket=저PK(0-0.3)"
0.06058868501529052,"cate2=고등교육, col_type=수치형, dom_sim_bucket=중유사(0.1-0.3), domain_spread=대공유(21+), pk_bucket=저PK(0-0.3)"
0.060206422018348624,"domain_spread=단독, pk_bucket=최고PK(0.9+)"
0.060015290519877675,"col_type=범주형, pk_bucket=저PK(0-0.3), rec_bucket=소(≤100)"
0.060015290519877675,"dom_sim_bucket=최고유사(0.6+), rec_bucket=소(≤100)"
0.05963302752293578,"cate2=평생·직업교육, rec_bucket=소(≤100)"
0.059441896024464834,domain_spread=소공유(2-5)
0.059441896024464834,"domain_spread=단독, pk_bucket=저PK(0-0.3)"
0.05867737003058104,"cate2=고등교육, dom_sim_bucket=중유사(0.1-0.3), pk_bucket=저PK(0-0.3), rec_bucket=중(101-1k)"
0.058486238532110095,"col_type=수치형, pk_bucket=고PK(0.7-0.9)"
0.058486238532110095,"cate2=고등교육, col_type=수치형, dom_sim_bucket=최고유사(0.6+), domain_spread=대공유(21+), rec_bucket=중(101-1k)"
0.058486238532110095,"cate2=고등교육, col_type=수치형, dom_sim_bucket=최고유사(0.6+), pk_bucket=저PK(0-0.3), rec_bucket=중(101-1k)"
0.058486238532110095,"cate2=고등교육, col_type=수치형, dom_sim_bucket=최고유사(0.6+), rec_bucket=중(101-1k)"
0.058486238532110095,"cate2=고등교육, col_type=수치형, dom_sim_bucket=최고유사(0.6+), domain_spread=대공유(21+), pk_bucket=저PK(0-0.3), rec_bucket=중(101-1k)"
0.05733944954128441,"cate2=고등교육, dom_sim_bucket=중유사(0.1-0.3), domain_spread=대공유(21+), pk_bucket=저PK(0-0.3), rec_bucket=중(101-1k)"
0.05733944954128441,"col_type=범주형, dom_sim_bucket=높은유사(0.3-0.6)"
0.05733944954128441,"dom_sim_bucket=낮은유사(0-0.1), domain_spread=대공유(21+), pk_bucket=최고PK(0.9+)"
0.05714831804281346,"col_type=범주형, domain_spread=단독, pk_bucket=저PK(0-0.3)"
0.05695718654434251,"cate2=교육일반, col_type=수치형"
0.05695718654434251,"col_type=수치형, domain_spread=대공유(21+), pk_bucket=고PK(0.7-0.9)"
0.05657492354740061,"dom_sim_bucket=낮은유사(0-0.1), rec_bucket=대(1k-10k)"
0.05600152905198777,"col_type=범주형, domain_spread=단독, pk_bucket=최고PK(0.9+)"
0.05600152905198777,"cate2=고등교육, col_type=수치형, dom_sim_bucket=중유사(0.1-0.3), rec_bucket=중(101-1k)"
0.05600152905198777,"cate2=유아및초·중등교육, col_type=수치형"
0.05581039755351682,"dom_sim_bucket=중유사(0.1-0.3), rec_bucket=소(≤100)"
0.05581039755351682,"cate2=고등교육, col_type=수치형, dom_sim_bucket=중유사(0.1-0.3), domain_spread=대공유(21+), rec_bucket=중(101-1k)"
0.05485474006116208,"cate2=평생·직업교육, col_type=범주형, dom_sim_bucket=낮은유사(0-0.1)"
0.05485474006116208,"cate2=고등교육, col_type=수치형, dom_sim_bucket=중유사(0.1-0.3), domain_spread=대공유(21+), pk_bucket=저PK(0-0.3), rec_bucket=중(101-1k)"
0.05485474006116208,"cate2=고등교육, col_type=수치형, dom_sim_bucket=중유사(0.1-0.3), pk_bucket=저PK(0-0.3), rec_bucket=중(101-1k)"
0.05485474006116208,"cate2=고등교육, pk_bucket=최고PK(0.9+)"
0.054281345565749234,"col_type=범주형, domain_spread=소공유(2-5)"
0.05370795107033639,"dom_sim_bucket=낮은유사(0-0.1), domain_spread=단독, pk_bucket=최고PK(0.9+)"
0.053516819571865444,"domain_spread=대공유(21+), rec_bucket=초대(10k+)"
0.053325688073394495,"col_type=범주형, domain_spread=대공유(21+), rec_bucket=중(101-1k)"
0.053134556574923546,"col_type=수치형, dom_sim_bucket=낮은유사(0-0.1), pk_bucket=최고PK(0.9+)"
0.0529434250764526,"cate2=평생·직업교육, rec_bucket=중(101-1k)"
0.052370030581039756,"cate2=유아및초·중등교육, col_type=범주형, pk_bucket=저PK(0-0.3)"
0.05217889908256881,"cate2=교육일반, rec_bucket=중(101-1k)"
0.05141437308868502,"cate2=교육일반, col_type=수치형, domain_spread=대공유(21+)"
0.05141437308868502,"cate2=고등교육, dom_sim_bucket=높은유사(0.3-0.6)"
0.05122324159021407,"cate2=평생·직업교육, col_type=범주형, pk_bucket=저PK(0-0.3)"
0.05103211009174312,"dom_sim_bucket=낮은유사(0-0.1), pk_bucket=최고PK(0.9+), rec_bucket=소(≤100)"
0.05007645259938838,"col_type=범주형, dom_sim_bucket=낮은유사(0-0.1), domain_spread=대공유(21+)"
