antecedents_str,consequents_str,support,confidence,lift
"col_type=범주형, dom_sim_bucket=낮은유사(0-0.1), rec_bucket=소(≤100)",domain_spread=단독,0.06880733944954129,0.8530805687203791,5.9038591740013535
"dom_sim_bucket=낮은유사(0-0.1), rec_bucket=소(≤100)",domain_spread=단독,0.07262996941896024,0.8189655172413793,5.667761357416531
"dom_sim_bucket=낮은유사(0-0.1), rec_bucket=소(≤100)","col_type=범주형, domain_spread=단독",0.06880733944954129,0.7758620689655172,5.653635577754299
"domain_spread=단독, rec_bucket=소(≤100)","col_type=범주형, dom_sim_bucket=낮은유사(0-0.1)",0.06880733944954129,0.8144796380090498,3.8115898623106874
domain_spread=단독,"col_type=범주형, dom_sim_bucket=낮은유사(0-0.1)",0.11716360856269113,0.8108465608465609,3.7945878410994696
"col_type=수치형, pk_bucket=중PK(0.3-0.7), rec_bucket=중(101-1k)","cate2=고등교육, dom_sim_bucket=낮은유사(0-0.1), domain_spread=대공유(21+)",0.09002293577981652,0.9534412955465588,3.764833855320449
"cate2=고등교육, col_type=수치형, pk_bucket=중PK(0.3-0.7)","dom_sim_bucket=낮은유사(0-0.1), domain_spread=대공유(21+), rec_bucket=중(101-1k)",0.09002293577981652,0.9092664092664093,3.544919413771873
"domain_spread=대공유(21+), pk_bucket=중PK(0.3-0.7), rec_bucket=중(101-1k)","cate2=고등교육, col_type=수치형, dom_sim_bucket=낮은유사(0-0.1)",0.09002293577981652,0.8626373626373627,3.528787084690134
"col_type=수치형, domain_spread=대공유(21+), pk_bucket=중PK(0.3-0.7), rec_bucket=중(101-1k)","cate2=고등교육, dom_sim_bucket=낮은유사(0-0.1)",0.09002293577981652,0.9592668024439919,3.4565316187238055
"col_type=수치형, pk_bucket=중PK(0.3-0.7), rec_bucket=중(101-1k)","cate2=고등교육, dom_sim_bucket=낮은유사(0-0.1)",0.09021406727828746,0.9554655870445344,3.4428346772844383
"cate2=고등교육, domain_spread=대공유(21+), pk_bucket=중PK(0.3-0.7)","col_type=수치형, dom_sim_bucket=낮은유사(0-0.1), rec_bucket=중(101-1k)",0.09002293577981652,0.839572192513369,3.4398133995535995
"col_type=수치형, dom_sim_bucket=최고유사(0.6+), rec_bucket=중(101-1k)","cate2=고등교육, domain_spread=대공유(21+), pk_bucket=저PK(0-0.3)",0.058486238532110095,0.9107142857142857,3.3961918338254757
"dom_sim_bucket=최고유사(0.6+), domain_spread=대공유(21+), rec_bucket=중(101-1k)","cate2=고등교육, col_type=수치형, pk_bucket=저PK(0-0.3)",0.058486238532110095,0.8010471204188482,3.3609290569618393
"cate2=고등교육, pk_bucket=중PK(0.3-0.7), rec_bucket=중(101-1k)","col_type=수치형, dom_sim_bucket=낮은유사(0-0.1), domain_spread=대공유(21+)",0.09002293577981652,0.9217221135029354,3.3582521572753192
"cate2=고등교육, pk_bucket=중PK(0.3-0.7)","col_type=수치형, dom_sim_bucket=낮은유사(0-0.1), domain_spread=대공유(21+), rec_bucket=중(101-1k)",0.09002293577981652,0.7929292929292929,3.3135831155000486
"cate2=고등교육, domain_spread=대공유(21+), pk_bucket=중PK(0.3-0.7), rec_bucket=중(101-1k)","col_type=수치형, dom_sim_bucket=낮은유사(0-0.1)",0.09002293577981652,0.9457831325301205,3.309924648426482
"col_type=수치형, pk_bucket=중PK(0.3-0.7)","cate2=고등교육, dom_sim_bucket=낮은유사(0-0.1), domain_spread=대공유(21+), rec_bucket=중(101-1k)",0.09002293577981652,0.741732283464567,3.2556571368176295
"cate2=고등교육, pk_bucket=중PK(0.3-0.7)","col_type=수치형, dom_sim_bucket=낮은유사(0-0.1), rec_bucket=중(101-1k)",0.09021406727828746,0.7946127946127945,3.2556101342319037
"cate2=고등교육, pk_bucket=중PK(0.3-0.7), rec_bucket=중(101-1k)","col_type=수치형, dom_sim_bucket=낮은유사(0-0.1)",0.09021406727828746,0.923679060665362,3.2325677895660028
"pk_bucket=중PK(0.3-0.7), rec_bucket=중(101-1k)","cate2=고등교육, col_type=수치형, dom_sim_bucket=낮은유사(0-0.1), domain_spread=대공유(21+)",0.09002293577981652,0.7721311475409836,3.198567033994003
"cate2=고등교육, col_type=수치형, dom_sim_bucket=중유사(0.1-0.3)","domain_spread=대공유(21+), pk_bucket=저PK(0-0.3), rec_bucket=중(101-1k)",0.05485474006116208,0.8343023255813954,3.1955122748476286
"col_type=수치형, domain_spread=대공유(21+), pk_bucket=중PK(0.3-0.7)","cate2=고등교육, dom_sim_bucket=낮은유사(0-0.1), rec_bucket=중(101-1k)",0.09002293577981652,0.75,3.174757281553398
"pk_bucket=중PK(0.3-0.7), rec_bucket=중(101-1k)","cate2=고등교육, col_type=수치형, dom_sim_bucket=낮은유사(0-0.1)",0.09021406727828746,0.7737704918032786,3.1652597444212303
"domain_spread=대공유(21+), pk_bucket=중PK(0.3-0.7), rec_bucket=중(101-1k)","cate2=고등교육, dom_sim_bucket=낮은유사(0-0.1)",0.0915519877675841,0.8772893772893773,3.161141888414616
"col_type=수치형, pk_bucket=중PK(0.3-0.7)","cate2=고등교육, dom_sim_bucket=낮은유사(0-0.1), rec_bucket=중(101-1k)",0.09021406727828746,0.7433070866141732,3.146426114211452
"cate2=고등교육, pk_bucket=중PK(0.3-0.7)","dom_sim_bucket=낮은유사(0-0.1), domain_spread=대공유(21+), rec_bucket=중(101-1k)",0.0915519877675841,0.8063973063973063,3.143867889024371
"cate2=고등교육, dom_sim_bucket=최고유사(0.6+), domain_spread=대공유(21+), rec_bucket=중(101-1k)","col_type=수치형, pk_bucket=저PK(0-0.3)",0.058486238532110095,0.9532710280373833,3.140751900939288
"pk_bucket=중PK(0.3-0.7), rec_bucket=중(101-1k)","cate2=고등교육, dom_sim_bucket=낮은유사(0-0.1), domain_spread=대공유(21+)",0.0915519877675841,0.7852459016393442,3.100684194246829
"cate2=고등교육, col_type=수치형, pk_bucket=중PK(0.3-0.7), rec_bucket=중(101-1k)","dom_sim_bucket=낮은유사(0-0.1), domain_spread=대공유(21+)",0.09002293577981652,0.9936708860759494,3.0617703627499218
"cate2=고등교육, domain_spread=대공유(21+), pk_bucket=중PK(0.3-0.7)","col_type=수치형, dom_sim_bucket=낮은유사(0-0.1)",0.09365443425076453,0.8734402852049912,3.056748877720745
"domain_spread=대공유(21+), pk_bucket=중PK(0.3-0.7), rec_bucket=중(101-1k)","col_type=수치형, dom_sim_bucket=낮은유사(0-0.1)",0.09097859327217125,0.8717948717948718,3.0509904810908157
"col_type=수치형, pk_bucket=중PK(0.3-0.7)","cate2=고등교육, dom_sim_bucket=낮은유사(0-0.1), domain_spread=대공유(21+)",0.09365443425076453,0.7716535433070867,3.0470123310057944
"col_type=수치형, dom_sim_bucket=최고유사(0.6+), domain_spread=대공유(21+), rec_bucket=중(101-1k)","cate2=고등교육, pk_bucket=저PK(0-0.3)",0.058486238532110095,0.9216867469879518,3.0443592552026284
"col_type=수치형, dom_sim_bucket=최고유사(0.6+), rec_bucket=중(101-1k)","cate2=고등교육, pk_bucket=저PK(0-0.3)",0.058486238532110095,0.9107142857142857,3.008116883116883
"cate2=고등교육, pk_bucket=중PK(0.3-0.7)","col_type=수치형, dom_sim_bucket=낮은유사(0-0.1), domain_spread=대공유(21+)",0.09365443425076453,0.8249158249158249,3.0055428941222817
"col_type=수치형, pk_bucket=중PK(0.3-0.7), rec_bucket=중(101-1k)","dom_sim_bucket=낮은유사(0-0.1), domain_spread=대공유(21+)",0.09097859327217125,0.9635627530364373,2.9689990128896584
"cate2=고등교육, dom_sim_bucket=중유사(0.1-0.3), domain_spread=대공유(21+)","col_type=수치형, pk_bucket=저PK(0-0.3), rec_bucket=중(101-1k)",0.05485474006116208,0.6882494004796164,2.966162160880851
"cate2=고등교육, col_type=수치형, dom_sim_bucket=최고유사(0.6+)","domain_spread=대공유(21+), pk_bucket=저PK(0-0.3), rec_bucket=중(101-1k)",0.058486238532110095,0.7727272727272727,2.959669905497138
"cate2=고등교육, dom_sim_bucket=최고유사(0.6+), domain_spread=대공유(21+)","col_type=수치형, pk_bucket=저PK(0-0.3), rec_bucket=중(101-1k)",0.058486238532110095,0.6815144766146993,2.937136525245558
"col_type=수치형, pk_bucket=중PK(0.3-0.7)","dom_sim_bucket=낮은유사(0-0.1), domain_spread=대공유(21+), rec_bucket=중(101-1k)",0.09097859327217125,0.7496062992125985,2.92245913374092
"col_type=수치형, dom_sim_bucket=중유사(0.1-0.3), rec_bucket=중(101-1k)","cate2=고등교육, domain_spread=대공유(21+), pk_bucket=저PK(0-0.3)",0.05485474006116208,0.782016348773842,2.9162576883711626
"cate2=고등교육, col_type=수치형, pk_bucket=중PK(0.3-0.7)","dom_sim_bucket=낮은유사(0-0.1), domain_spread=대공유(21+)",0.09365443425076453,0.945945945945946,2.914716836978321
"cate2=고등교육, col_type=수치형, pk_bucket=중PK(0.3-0.7)","dom_sim_bucket=낮은유사(0-0.1), rec_bucket=중(101-1k)",0.09021406727828746,0.9111969111969113,2.9087139959623185
"cate2=고등교육, col_type=수치형, domain_spread=대공유(21+), pk_bucket=중PK(0.3-0.7)","dom_sim_bucket=낮은유사(0-0.1), rec_bucket=중(101-1k)",0.09002293577981652,0.9110251450676983,2.9081656857804745
"cate2=고등교육, pk_bucket=중PK(0.3-0.7)","col_type=수치형, dom_sim_bucket=낮은유사(0-0.1)",0.09384556574923547,0.8265993265993266,2.8928211884733623
"cate2=고등교육, pk_bucket=중PK(0.3-0.7), rec_bucket=중(101-1k)","dom_sim_bucket=낮은유사(0-0.1), domain_spread=대공유(21+)",0.0915519877675841,0.9373776908023482,2.8883157115888607
"cate2=고등교육, dom_sim_bucket=최고유사(0.6+), rec_bucket=중(101-1k)","col_type=수치형, domain_spread=대공유(21+), pk_bucket=저PK(0-0.3)",0.058486238532110095,0.8547486033519553,2.874064712556189
"pk_bucket=중PK(0.3-0.7), rec_bucket=중(101-1k)","cate2=고등교육, dom_sim_bucket=낮은유사(0-0.1)",0.09288990825688073,0.7967213114754098,2.8708305107708982
"dom_sim_bucket=최고유사(0.6+), domain_spread=대공유(21+), rec_bucket=중(101-1k)","col_type=수치형, pk_bucket=저PK(0-0.3)",0.06345565749235474,0.869109947643979,2.863465520197291
"pk_bucket=중PK(0.3-0.7), rec_bucket=중(101-1k)","col_type=수치형, dom_sim_bucket=낮은유사(0-0.1), domain_spread=대공유(21+)",0.09097859327217125,0.780327868852459,2.8430887255125805
"cate2=고등교육, dom_sim_bucket=최고유사(0.6+), rec_bucket=중(101-1k)","col_type=수치형, pk_bucket=저PK(0-0.3)",0.058486238532110095,0.8547486033519553,2.8161490508422107
"cate2=고등교육, dom_sim_bucket=중유사(0.1-0.3), domain_spread=대공유(21+), rec_bucket=중(101-1k)","col_type=수치형, pk_bucket=저PK(0-0.3)",0.05485474006116208,0.8541666666666666,2.8142317380352644
"col_type=수치형, domain_spread=대공유(21+), pk_bucket=중PK(0.3-0.7)","cate2=고등교육, dom_sim_bucket=낮은유사(0-0.1)",0.09365443425076453,0.7802547770700637,2.811496552087172
"col_type=수치형, pk_bucket=중PK(0.3-0.7)","cate2=고등교육, dom_sim_bucket=낮은유사(0-0.1)",0.09384556574923547,0.7732283464566929,2.7861781740092404
"dom_sim_bucket=최고유사(0.6+), domain_spread=대공유(21+), rec_bucket=중(101-1k)","cate2=고등교육, pk_bucket=저PK(0-0.3)",0.06135321100917431,0.8403141361256544,2.7755830556877674
"cate2=고등교육, dom_sim_bucket=중유사(0.1-0.3), rec_bucket=중(101-1k)","col_type=수치형, domain_spread=대공유(21+), pk_bucket=저PK(0-0.3)",0.05485474006116208,0.8247126436781609,2.7730697633188544
"dom_sim_bucket=최고유사(0.6+), rec_bucket=중(101-1k)","cate2=고등교육, col_type=수치형, domain_spread=대공유(21+), pk_bucket=저PK(0-0.3)",0.058486238532110095,0.6552462526766596,2.766947856339211
"domain_spread=대공유(21+), pk_bucket=중PK(0.3-0.7)","cate2=고등교육, col_type=수치형, dom_sim_bucket=낮은유사(0-0.1), rec_bucket=중(101-1k)",0.09002293577981652,0.623841059602649,2.752054320270708
"dom_sim_bucket=최고유사(0.6+), rec_bucket=중(101-1k)","cate2=고등교육, col_type=수치형, pk_bucket=저PK(0-0.3)",0.058486238532110095,0.6552462526766596,2.7491967874934105
"pk_bucket=중PK(0.3-0.7), rec_bucket=중(101-1k)","col_type=수치형, dom_sim_bucket=낮은유사(0-0.1)",0.0915519877675841,0.7852459016393442,2.7480980316903336
"cate2=고등교육, dom_sim_bucket=중유사(0.1-0.3)","col_type=수치형, domain_spread=대공유(21+), pk_bucket=저PK(0-0.3), rec_bucket=중(101-1k)",0.05485474006116208,0.6293859649122807,2.744122807017544
"cate2=고등교육, domain_spread=대공유(21+), pk_bucket=중PK(0.3-0.7)","dom_sim_bucket=낮은유사(0-0.1), rec_bucket=중(101-1k)",0.0915519877675841,0.8538324420677362,2.7255956906030483
"cate2=고등교육, dom_sim_bucket=중유사(0.1-0.3), rec_bucket=중(101-1k)","col_type=수치형, pk_bucket=저PK(0-0.3)",0.05485474006116208,0.8247126436781609,2.7171892643099103
"cate2=고등교육, dom_sim_bucket=최고유사(0.6+), domain_spread=대공유(21+)","col_type=수치형, pk_bucket=저PK(0-0.3)",0.07071865443425077,0.8240534521158129,2.7150174190616707
"cate2=고등교육, dom_sim_bucket=중유사(0.1-0.3)","col_type=수치형, pk_bucket=저PK(0-0.3), rec_bucket=중(101-1k)",0.05485474006116208,0.6293859649122807,2.7124772392265672
"domain_spread=대공유(21+), pk_bucket=중PK(0.3-0.7)","cate2=고등교육, dom_sim_bucket=낮은유사(0-0.1), rec_bucket=중(101-1k)",0.0915519877675841,0.6344370860927152,2.6855783450138238
"cate2=고등교육, col_type=수치형, dom_sim_bucket=중유사(0.1-0.3), domain_spread=대공유(21+)","pk_bucket=저PK(0-0.3), rec_bucket=중(101-1k)",0.05485474006116208,0.8441176470588236,2.6717625707270205
"domain_spread=대공유(21+), pk_bucket=중PK(0.3-0.7)","cate2=고등교육, col_type=수치형, dom_sim_bucket=낮은유사(0-0.1)",0.09365443425076453,0.6490066225165563,2.6548887013343414
"cate2=고등교육, pk_bucket=중PK(0.3-0.7)","dom_sim_bucket=낮은유사(0-0.1), domain_spread=대공유(21+)",0.09747706422018348,0.8585858585858586,2.6455366384695003
"cate2=고등교육, col_type=수치형, dom_sim_bucket=중유사(0.1-0.3)","pk_bucket=저PK(0-0.3), rec_bucket=중(101-1k)",0.05485474006116208,0.8343023255813954,2.6406955640906595
"dom_sim_bucket=중유사(0.1-0.3), domain_spread=대공유(21+), rec_bucket=중(101-1k)","cate2=고등교육, col_type=수치형, pk_bucket=저PK(0-0.3)",0.05485474006116208,0.6266375545851529,2.6291641424134085
"cate2=고등교육, pk_bucket=중PK(0.3-0.7)","dom_sim_bucket=낮은유사(0-0.1), rec_bucket=중(101-1k)",0.09288990825688073,0.8181818181818181,2.6117921127073047
"col_type=수치형, dom_sim_bucket=중유사(0.1-0.3), domain_spread=대공유(21+), rec_bucket=중(101-1k)","cate2=고등교육, pk_bucket=저PK(0-0.3)",0.05485474006116208,0.784153005464481,2.5900811392614673
"domain_spread=대공유(21+), pk_bucket=중PK(0.3-0.7)","col_type=수치형, dom_sim_bucket=낮은유사(0-0.1), rec_bucket=중(101-1k)",0.09097859327217125,0.6304635761589404,2.5830739471132156
"col_type=수치형, dom_sim_bucket=중유사(0.1-0.3), rec_bucket=중(101-1k)","cate2=고등교육, pk_bucket=저PK(0-0.3)",0.05485474006116208,0.782016348773842,2.5830236974651144
"cate2=고등교육, col_type=수치형, dom_sim_bucket=최고유사(0.6+), rec_bucket=중(101-1k)","domain_spread=대공유(21+), pk_bucket=저PK(0-0.3)",0.058486238532110095,1.0,2.5811544153922052
"col_type=수치형, dom_sim_bucket=최고유사(0.6+)","cate2=고등교육, domain_spread=대공유(21+), pk_bucket=저PK(0-0.3)",0.07071865443425077,0.6915887850467289,2.5790395747430406
"dom_sim_bucket=최고유사(0.6+), rec_bucket=중(101-1k)","cate2=고등교육, domain_spread=대공유(21+), pk_bucket=저PK(0-0.3)",0.06135321100917431,0.6873661670235546,2.5632927910671683
"col_type=수치형, dom_sim_bucket=최고유사(0.6+), rec_bucket=중(101-1k)","domain_spread=대공유(21+), pk_bucket=저PK(0-0.3)",0.06345565749235474,0.988095238095238,2.550426386637536
"cate2=고등교육, col_type=수치형, dom_sim_bucket=중유사(0.1-0.3), rec_bucket=중(101-1k)","domain_spread=대공유(21+), pk_bucket=저PK(0-0.3)",0.05485474006116208,0.9795221843003413,2.5282980109814432
"pk_bucket=중PK(0.3-0.7), rec_bucket=중(101-1k)","dom_sim_bucket=낮은유사(0-0.1), domain_spread=대공유(21+)",0.095565749235474,0.819672131147541,2.5256328563980768
"cate2=고등교육, dom_sim_bucket=중유사(0.1-0.3)","domain_spread=대공유(21+), pk_bucket=저PK(0-0.3), rec_bucket=중(101-1k)",0.05733944954128441,0.6578947368421053,2.5198427987978733
"cate2=고등교육, dom_sim_bucket=중유사(0.1-0.3), domain_spread=대공유(21+)","col_type=수치형, pk_bucket=저PK(0-0.3)",0.06058868501529052,0.7601918465227818,2.5046119275863945
"dom_sim_bucket=최고유사(0.6+), rec_bucket=중(101-1k)","cate2=고등교육, pk_bucket=저PK(0-0.3)",0.06746941896024465,0.7558886509635975,2.496723119849458
"col_type=수치형, pk_bucket=중PK(0.3-0.7)","dom_sim_bucket=낮은유사(0-0.1), domain_spread=대공유(21+)",0.09766819571865444,0.804724409448819,2.4795748587963606
"cate2=고등교육, col_type=수치형, dom_sim_bucket=최고유사(0.6+), domain_spread=대공유(21+)","pk_bucket=저PK(0-0.3), rec_bucket=중(101-1k)",0.058486238532110095,0.7727272727272727,2.445801022933509
"cate2=고등교육, col_type=수치형, dom_sim_bucket=최고유사(0.6+)","pk_bucket=저PK(0-0.3), rec_bucket=중(101-1k)",0.058486238532110095,0.7727272727272727,2.445801022933509
"domain_spread=대공유(21+), pk_bucket=중PK(0.3-0.7)","cate2=고등교육, dom_sim_bucket=낮은유사(0-0.1)",0.09747706422018348,0.6754966887417219,2.43402112637513
"cate2=고등교육, dom_sim_bucket=최고유사(0.6+)","col_type=수치형, domain_spread=대공유(21+), pk_bucket=저PK(0-0.3)",0.07071865443425077,0.72265625,2.4299084190231364
"col_type=수치형, domain_spread=대공유(21+), pk_bucket=중PK(0.3-0.7)","dom_sim_bucket=낮은유사(0-0.1), rec_bucket=중(101-1k)",0.09097859327217125,0.7579617834394905,2.4195582983254513
"col_type=수치형, dom_sim_bucket=낮은유사(0-0.1), pk_bucket=중PK(0.3-0.7)","cate2=고등교육, domain_spread=대공유(21+), rec_bucket=중(101-1k)",0.09002293577981652,0.9163424124513618,2.4177022198414146
"cate2=고등교육, col_type=수치형, dom_sim_bucket=최고유사(0.6+)","domain_spread=대공유(21+), pk_bucket=저PK(0-0.3)",0.07071865443425077,0.9343434343434344,2.4116846810482726
"col_type=수치형, pk_bucket=중PK(0.3-0.7)","dom_sim_bucket=낮은유사(0-0.1), rec_bucket=중(101-1k)",0.0915519877675841,0.7543307086614173,2.407967216422535
"cate2=고등교육, dom_sim_bucket=최고유사(0.6+)","domain_spread=대공유(21+), pk_bucket=저PK(0-0.3), rec_bucket=중(101-1k)",0.06135321100917431,0.626953125,2.4013314421669105
"dom_sim_bucket=최고유사(0.6+), rec_bucket=중(101-1k)","col_type=수치형, domain_spread=대공유(21+), pk_bucket=저PK(0-0.3)",0.06345565749235474,0.7109207708779444,2.390448247579309
"cate2=고등교육, dom_sim_bucket=최고유사(0.6+)","col_type=수치형, pk_bucket=저PK(0-0.3)",0.07071865443425077,0.72265625,2.380943010075567
"cate2=고등교육, col_type=수치형, dom_sim_bucket=중유사(0.1-0.3)","domain_spread=대공유(21+), pk_bucket=저PK(0-0.3)",0.06058868501529052,0.9215116279069768,2.378563807207352
"col_type=수치형, dom_sim_bucket=최고유사(0.6+)","domain_spread=대공유(21+), pk_bucket=저PK(0-0.3), rec_bucket=중(101-1k)",0.06345565749235474,0.6205607476635514,2.376847607449269
"dom_sim_bucket=최고유사(0.6+), rec_bucket=중(101-1k)","col_type=수치형, pk_bucket=저PK(0-0.3)",0.06422018348623854,0.7194860813704498,2.370498222752011
"domain_spread=대공유(21+), pk_bucket=중PK(0.3-0.7)","col_type=수치형, dom_sim_bucket=낮은유사(0-0.1)",0.09766819571865444,0.6768211920529802,2.3686478105827375
"dom_sim_bucket=중유사(0.1-0.3), domain_spread=대공유(21+), rec_bucket=중(101-1k)","col_type=수치형, pk_bucket=저PK(0-0.3)",0.0628822629969419,0.7183406113537119,2.366724230858073
"col_type=범주형, pk_bucket=최고PK(0.9+)",rec_bucket=소(≤100),0.06383792048929664,0.6242990654205607,2.346503383822107
"cate2=고등교육, dom_sim_bucket=중유사(0.1-0.3)","col_type=수치형, domain_spread=대공유(21+), pk_bucket=저PK(0-0.3)",0.06058868501529052,0.6951754385964912,2.3375050737383303
"col_type=수치형, dom_sim_bucket=최고유사(0.6+), domain_spread=대공유(21+)","cate2=고등교육, pk_bucket=저PK(0-0.3)",0.07071865443425077,0.7074569789674952,2.3367518396199083
"cate2=고등교육, dom_sim_bucket=최고유사(0.6+), rec_bucket=중(101-1k)","domain_spread=대공유(21+), pk_bucket=저PK(0-0.3)",0.06135321100917431,0.8966480446927374,2.3143870596114464
"col_type=수치형, dom_sim_bucket=중유사(0.1-0.3), rec_bucket=중(101-1k)","domain_spread=대공유(21+), pk_bucket=저PK(0-0.3)",0.0628822629969419,0.8964577656675748,2.3138959200654914
"col_type=수치형, dom_sim_bucket=낮은유사(0-0.1), domain_spread=대공유(21+), pk_bucket=중PK(0.3-0.7)","cate2=고등교육, rec_bucket=중(101-1k)",0.09002293577981652,0.9217221135029354,2.3062889038007452
"cate2=고등교육, dom_sim_bucket=중유사(0.1-0.3)","col_type=수치형, pk_bucket=저PK(0-0.3)",0.060970948012232414,0.6995614035087718,2.3048521808299083
"col_type=수치형, dom_sim_bucket=낮은유사(0-0.1), pk_bucket=중PK(0.3-0.7)","cate2=고등교육, rec_bucket=중(101-1k)",0.09021406727828746,0.9182879377431906,2.297696073779232
"domain_spread=단독, pk_bucket=저PK(0-0.3)",col_type=범주형,0.05714831804281346,0.9614147909967846,2.286419175679626
"col_type=수치형, dom_sim_bucket=최고유사(0.6+)","cate2=고등교육, pk_bucket=저PK(0-0.3)",0.07071865443425077,0.6915887850467289,2.2843387142452563
"dom_sim_bucket=낮은유사(0-0.1), domain_spread=대공유(21+), pk_bucket=중PK(0.3-0.7)","cate2=고등교육, col_type=수치형, rec_bucket=중(101-1k)",0.09002293577981652,0.8248686514886165,2.28223838423503
"cate2=고등교육, dom_sim_bucket=중유사(0.1-0.3), domain_spread=대공유(21+)","pk_bucket=저PK(0-0.3), rec_bucket=중(101-1k)",0.05733944954128441,0.7194244604316548,2.2770893992609906
"cate2=고등교육, dom_sim_bucket=최고유사(0.6+), domain_spread=대공유(21+)","pk_bucket=저PK(0-0.3), rec_bucket=중(101-1k)",0.06135321100917431,0.7149220489977728,2.262838572508377
"domain_spread=단독, rec_bucket=소(≤100)",col_type=범주형,0.08027522935779817,0.9502262443438915,2.259810777457836
"dom_sim_bucket=낮은유사(0-0.1), domain_spread=대공유(21+), pk_bucket=중PK(0.3-0.7), rec_bucket=중(101-1k)","cate2=고등교육, col_type=수치형",0.09002293577981652,0.9420000000000001,2.2597634112792298
domain_spread=단독,col_type=범주형,0.13723241590214066,0.9497354497354498,2.2586435786435786
"cate2=고등교육, dom_sim_bucket=낮은유사(0-0.1), domain_spread=대공유(21+), pk_bucket=중PK(0.3-0.7)","col_type=수치형, rec_bucket=중(101-1k)",0.09002293577981652,0.9235294117647059,2.257899945024739
"dom_sim_bucket=낮은유사(0-0.1), domain_spread=단독",col_type=범주형,0.11716360856269113,0.9489164086687306,2.256695750070363
"dom_sim_bucket=낮은유사(0-0.1), domain_spread=단독, rec_bucket=소(≤100)",col_type=범주형,0.06880733944954129,0.9473684210526316,2.253014354066986
"dom_sim_bucket=낮은유사(0-0.1), domain_spread=대공유(21+), pk_bucket=저PK(0-0.3), rec_bucket=중(101-1k)","cate2=고등교육, col_type=수치형",0.07339449541284404,0.938875305623472,2.2522675832287966
"col_type=수치형, dom_sim_bucket=최고유사(0.6+)","domain_spread=대공유(21+), pk_bucket=저PK(0-0.3)",0.08906727828746178,0.8710280373831776,2.2482578646219955
"cate2=고등교육, dom_sim_bucket=중유사(0.1-0.3), rec_bucket=중(101-1k)","domain_spread=대공유(21+), pk_bucket=저PK(0-0.3)",0.05733944954128441,0.8620689655172413,2.225133116717418
"dom_sim_bucket=최고유사(0.6+), domain_spread=대공유(21+)","col_type=수치형, pk_bucket=저PK(0-0.3)",0.08906727828746178,0.6734104046242775,2.2186922147318766
"cate2=고등교육, dom_sim_bucket=낮은유사(0-0.1), pk_bucket=중PK(0.3-0.7)","col_type=수치형, domain_spread=대공유(21+), rec_bucket=중(101-1k)",0.09002293577981652,0.890359168241966,2.2140490343355355
"domain_spread=단독, pk_bucket=최고PK(0.9+)",col_type=범주형,0.05600152905198777,0.9301587301587302,2.21208658008658
"cate2=고등교육, dom_sim_bucket=최고유사(0.6+)","pk_bucket=저PK(0-0.3), rec_bucket=중(101-1k)",0.06746941896024465,0.689453125,2.182225499092559
"cate2=고등교육, dom_sim_bucket=낮은유사(0-0.1), pk_bucket=중PK(0.3-0.7)","col_type=수치형, rec_bucket=중(101-1k)",0.09021406727828746,0.8922495274102079,2.181425012808508
domain_spread=소공유(2-5),col_type=범주형,0.054281345565749234,0.9131832797427653,2.1717158725518853
"cate2=고등교육, dom_sim_bucket=낮은유사(0-0.1), domain_spread=대공유(21+)","col_type=수치형, rec_bucket=중(101-1k)",0.22477064220183487,0.8875471698113208,2.1699284076882384
domain_spread=중공유(6-20),col_type=범주형,0.07530581039755352,0.9099307159353349,2.163980684442578
"dom_sim_bucket=중유사(0.1-0.3), domain_spread=대공유(21+), rec_bucket=중(101-1k)","cate2=고등교육, pk_bucket=저PK(0-0.3)",0.05733944954128441,0.6550218340611355,2.163556967050417
"dom_sim_bucket=낮은유사(0-0.1), rec_bucket=소(≤100)",col_type=범주형,0.08065749235474007,0.9094827586206897,2.1629153605015676
"col_type=수치형, dom_sim_bucket=낮은유사(0-0.1), pk_bucket=저PK(0-0.3)","cate2=고등교육, domain_spread=대공유(21+), rec_bucket=중(101-1k)",0.07339449541284404,0.8187633262260129,2.160246960572113
"dom_sim_bucket=중유사(0.1-0.3), rec_bucket=중(101-1k)","col_type=수치형, domain_spread=대공유(21+), pk_bucket=저PK(0-0.3)",0.0628822629969419,0.6413255360623782,2.156436506862701
"col_type=수치형, dom_sim_bucket=낮은유사(0-0.1), pk_bucket=중PK(0.3-0.7), rec_bucket=중(101-1k)","cate2=고등교육, domain_spread=대공유(21+)",0.09002293577981652,0.9832985386221295,2.149861242821137
"col_type=수치형, dom_sim_bucket=낮은유사(0-0.1), pk_bucket=저PK(0-0.3), rec_bucket=중(101-1k)","cate2=고등교육, domain_spread=대공유(21+)",0.07339449541284404,0.9820971867007673,2.1472346346921913
"cate2=고등교육, dom_sim_bucket=중유사(0.1-0.3)","pk_bucket=저PK(0-0.3), rec_bucket=중(101-1k)",0.05867737003058104,0.6732456140350876,2.1309262266373734
"cate2=고등교육, dom_sim_bucket=최고유사(0.6+)","domain_spread=대공유(21+), pk_bucket=저PK(0-0.3)",0.08046636085626911,0.822265625,2.1223945485939812
"domain_spread=대공유(21+), pk_bucket=중PK(0.3-0.7)","dom_sim_bucket=낮은유사(0-0.1), rec_bucket=중(101-1k)",0.095565749235474,0.6622516556291391,2.1140333509772153
"dom_sim_bucket=중유사(0.1-0.3), rec_bucket=중(101-1k)","col_type=수치형, pk_bucket=저PK(0-0.3)",0.0628822629969419,0.6413255360623782,2.1129818669259213
"col_type=수치형, dom_sim_bucket=낮은유사(0-0.1), domain_spread=대공유(21+), pk_bucket=저PK(0-0.3)","cate2=고등교육, rec_bucket=중(101-1k)",0.07339449541284404,0.8439560439560441,2.111706371103789
"dom_sim_bucket=최고유사(0.6+), rec_bucket=중(101-1k)","domain_spread=대공유(21+), pk_bucket=저PK(0-0.3)",0.07301223241590214,0.8179871520342613,2.1113511492073287
"cate2=고등교육, col_type=수치형, dom_sim_bucket=낮은유사(0-0.1), pk_bucket=중PK(0.3-0.7)","domain_spread=대공유(21+), rec_bucket=중(101-1k)",0.09002293577981652,0.9592668024439919,2.10611997918043
"dom_sim_bucket=낮은유사(0-0.1), domain_spread=대공유(21+), rec_bucket=중(101-1k)","cate2=고등교육, col_type=수치형",0.22477064220183487,0.8763040238450074,2.102165361190774
"dom_sim_bucket=낮은유사(0-0.1), domain_spread=대공유(21+), pk_bucket=중PK(0.3-0.7)","cate2=고등교육, rec_bucket=중(101-1k)",0.0915519877675841,0.8388791593695272,2.0990032337739675
"col_type=수치형, pk_bucket=중PK(0.3-0.7), rec_bucket=중(101-1k)","cate2=고등교육, domain_spread=대공유(21+)",0.09040519877675841,0.9574898785425102,2.093433783758635
"col_type=수치형, dom_sim_bucket=낮은유사(0-0.1), pk_bucket=중PK(0.3-0.7)","cate2=고등교육, domain_spread=대공유(21+)",0.09365443425076453,0.9533073929961089,2.0842892938385464
"dom_sim_bucket=낮은유사(0-0.1), pk_bucket=중PK(0.3-0.7), rec_bucket=중(101-1k)","cate2=고등교육, col_type=수치형, domain_spread=대공유(21+)",0.09002293577981652,0.8579234972677596,2.0838698875138895
"cate2=고등교육, dom_sim_bucket=낮은유사(0-0.1), domain_spread=대공유(21+), pk_bucket=저PK(0-0.3)","col_type=수치형, rec_bucket=중(101-1k)",0.07339449541284404,0.8514412416851441,2.081654474998446
"domain_spread=대공유(21+), pk_bucket=중PK(0.3-0.7), rec_bucket=중(101-1k)","cate2=고등교육, col_type=수치형",0.09040519877675841,0.8663003663003663,2.0781675912349917
"col_type=수치형, dom_sim_bucket=낮은유사(0-0.1)","cate2=고등교육, domain_spread=대공유(21+), rec_bucket=중(101-1k)",0.22477064220183487,0.7866220735785955,2.075444623783768
"dom_sim_bucket=낮은유사(0-0.1), pk_bucket=중PK(0.3-0.7), rec_bucket=중(101-1k)","cate2=고등교육, col_type=수치형",0.09021406727828746,0.8597449908925319,2.062441903874244
"cate2=고등교육, domain_spread=대공유(21+), pk_bucket=중PK(0.3-0.7)","col_type=수치형, rec_bucket=중(101-1k)",0.09040519877675841,0.8431372549019609,2.0613523914238594
"col_type=수치형, dom_sim_bucket=낮은유사(0-0.1), pk_bucket=저PK(0-0.3)","cate2=고등교육, rec_bucket=중(101-1k)",0.07377675840978594,0.8230277185501067,2.0593405181511995
"dom_sim_bucket=낮은유사(0-0.1), domain_spread=대공유(21+), pk_bucket=중PK(0.3-0.7)","cate2=고등교육, col_type=수치형",0.09365443425076453,0.8581436077057795,2.058600346408362
"col_type=수치형, dom_sim_bucket=낮은유사(0-0.1), domain_spread=대공유(21+)","cate2=고등교육, rec_bucket=중(101-1k)",0.22477064220183487,0.818941504178273,2.0491161883599833
"dom_sim_bucket=낮은유사(0-0.1), domain_spread=대공유(21+), pk_bucket=중PK(0.3-0.7)","col_type=수치형, rec_bucket=중(101-1k)",0.09097859327217125,0.8336252189141857,2.038096796896738
"col_type=수치형, dom_sim_bucket=낮은유사(0-0.1), pk_bucket=중PK(0.3-0.7)","domain_spread=대공유(21+), rec_bucket=중(101-1k)",0.09097859327217125,0.9260700389105058,2.0332347644061124
"cate2=교육일반, dom_sim_bucket=낮은유사(0-0.1)",col_type=범주형,0.06364678899082568,0.8516624040920715,2.025408044640781
"cate2=고등교육, col_type=수치형, dom_sim_bucket=낮은유사(0-0.1)","domain_spread=대공유(21+), rec_bucket=중(101-1k)",0.22477064220183487,0.9194683346364347,2.018740380536226
"cate2=고등교육, dom_sim_bucket=중유사(0.1-0.3)","domain_spread=대공유(21+), pk_bucket=저PK(0-0.3)",0.06804281345565749,0.7807017543859649,2.015111780437774
"cate2=고등교육, dom_sim_bucket=낮은유사(0-0.1)","col_type=수치형, domain_spread=대공유(21+), rec_bucket=중(101-1k)",0.22477064220183487,0.8099173553719009,2.0140150205825975
"col_type=수치형, dom_sim_bucket=낮은유사(0-0.1), rec_bucket=중(101-1k)","cate2=고등교육, domain_spread=대공유(21+)",0.22477064220183487,0.9209083790133125,2.0134528370236735
"dom_sim_bucket=최고유사(0.6+), domain_spread=대공유(21+)","cate2=고등교육, pk_bucket=저PK(0-0.3)",0.08046636085626911,0.6083815028901733,2.0095025398493602
"col_type=수치형, dom_sim_bucket=최고유사(0.6+), domain_spread=대공유(21+)","pk_bucket=저PK(0-0.3), rec_bucket=중(101-1k)",0.06345565749235474,0.6347992351816443,2.009237506636638
"cate2=고등교육, col_type=수치형, pk_bucket=중PK(0.3-0.7)","domain_spread=대공유(21+), rec_bucket=중(101-1k)",0.09040519877675841,0.9131274131274132,2.0048185587421843
"cate2=고등교육, dom_sim_bucket=낮은유사(0-0.1)","col_type=수치형, rec_bucket=중(101-1k)",0.22668195718654435,0.8168044077134986,1.996972271568703
"cate2=고등교육, col_type=수치형, pk_bucket=중PK(0.3-0.7), rec_bucket=중(101-1k)",dom_sim_bucket=낮은유사(0-0.1),0.09021406727828746,0.9957805907172995,1.9938477040309648
"cate2=고등교육, col_type=수치형, domain_spread=대공유(21+), pk_bucket=중PK(0.3-0.7), rec_bucket=중(101-1k)",dom_sim_bucket=낮은유사(0-0.1),0.09002293577981652,0.9957716701902748,1.9938298424935008
"col_type=수치형, dom_sim_bucket=최고유사(0.6+), rec_bucket=중(101-1k)","cate2=고등교육, domain_spread=대공유(21+)",0.058486238532110095,0.9107142857142857,1.9911647065846814
"col_type=수치형, dom_sim_bucket=최고유사(0.6+), pk_bucket=저PK(0-0.3), rec_bucket=중(101-1k)","cate2=고등교육, domain_spread=대공유(21+)",0.058486238532110095,0.9107142857142857,1.9911647065846814
"cate2=고등교육, dom_sim_bucket=낮은유사(0-0.1), pk_bucket=중PK(0.3-0.7)","domain_spread=대공유(21+), rec_bucket=중(101-1k)",0.0915519877675841,0.9054820415879017,1.9880327493025185
"col_type=수치형, dom_sim_bucket=최고유사(0.6+)","pk_bucket=저PK(0-0.3), rec_bucket=중(101-1k)",0.06422018348623854,0.6280373831775701,1.987835201926828
"col_type=수치형, dom_sim_bucket=낮은유사(0-0.1)","cate2=고등교육, rec_bucket=중(101-1k)",0.22668195718654435,0.7933110367892977,1.984984861062461
"cate2=고등교육, pk_bucket=중PK(0.3-0.7)","col_type=수치형, domain_spread=대공유(21+), rec_bucket=중(101-1k)",0.09040519877675841,0.7962962962962963,1.9801436417405998
"cate2=고등교육, col_type=수치형, dom_sim_bucket=낮은유사(0-0.1), pk_bucket=저PK(0-0.3)","domain_spread=대공유(21+), rec_bucket=중(101-1k)",0.07339449541284404,0.9014084507042255,1.9790889694018077
"cate2=고등교육, col_type=수치형, dom_sim_bucket=중유사(0.1-0.3), pk_bucket=저PK(0-0.3)","domain_spread=대공유(21+), rec_bucket=중(101-1k)",0.05485474006116208,0.8996865203761756,1.9753083821267943
"cate2=고등교육, dom_sim_bucket=중유사(0.1-0.3), domain_spread=대공유(21+), pk_bucket=저PK(0-0.3)","col_type=수치형, rec_bucket=중(101-1k)",0.05485474006116208,0.8061797752808989,1.9709965347054499
"col_type=수치형, pk_bucket=중PK(0.3-0.7)","cate2=고등교육, domain_spread=대공유(21+), rec_bucket=중(101-1k)",0.09040519877675841,0.7448818897637796,1.9653162114191098
"col_type=수치형, dom_sim_bucket=낮은유사(0-0.1), pk_bucket=저PK(0-0.3)","cate2=고등교육, domain_spread=대공유(21+)",0.08046636085626911,0.8976545842217484,1.9626112764931831
"cate2=유아및초·중등교육, dom_sim_bucket=낮은유사(0-0.1)",col_type=범주형,0.0621177370030581,0.8207070707070706,1.951790633608815
"cate2=고등교육, pk_bucket=중PK(0.3-0.7)","col_type=수치형, rec_bucket=중(101-1k)",0.09059633027522936,0.797979797979798,1.9509487397337864
"col_type=수치형, pk_bucket=저PK(0-0.3), rec_bucket=중(101-1k)","cate2=고등교육, domain_spread=대공유(21+)",0.20642201834862386,0.8896210873146624,1.9450470241664495
"col_type=수치형, pk_bucket=중PK(0.3-0.7), rec_bucket=중(101-1k)",dom_sim_bucket=낮은유사(0-0.1),0.0915519877675841,0.9696356275303644,1.9414977432984561
"col_type=수치형, domain_spread=대공유(21+), pk_bucket=중PK(0.3-0.7), rec_bucket=중(101-1k)",dom_sim_bucket=낮은유사(0-0.1),0.09097859327217125,0.969450101832994,1.9411262658975217
"col_type=수치형, dom_sim_bucket=낮은유사(0-0.1), domain_spread=대공유(21+), pk_bucket=저PK(0-0.3), rec_bucket=중(101-1k)",cate2=고등교육,0.07339449541284404,0.9974025974025975,1.9406509444441762
"cate2=고등교육, domain_spread=대공유(21+), pk_bucket=중PK(0.3-0.7), rec_bucket=중(101-1k)",dom_sim_bucket=낮은유사(0-0.1),0.0915519877675841,0.9618473895582329,1.9259033839145328
"col_type=수치형, dom_sim_bucket=낮은유사(0-0.1), domain_spread=대공유(21+), pk_bucket=중PK(0.3-0.7), rec_bucket=중(101-1k)",cate2=고등교육,0.09002293577981652,0.9894957983193278,1.9252666481244785
"dom_sim_bucket=최고유사(0.6+), domain_spread=대공유(21+), rec_bucket=중(101-1k)","cate2=고등교육, col_type=수치형",0.058486238532110095,0.8010471204188482,1.9216316066168793
"dom_sim_bucket=최고유사(0.6+), domain_spread=대공유(21+), pk_bucket=저PK(0-0.3), rec_bucket=중(101-1k)","cate2=고등교육, col_type=수치형",0.058486238532110095,0.8010471204188482,1.9216316066168793
"col_type=수치형, dom_sim_bucket=낮은유사(0-0.1), pk_bucket=저PK(0-0.3), rec_bucket=중(101-1k)",cate2=고등교육,0.07377675840978594,0.9872122762148338,1.9208235883808145
"col_type=수치형, rec_bucket=중(101-1k)","cate2=고등교육, domain_spread=대공유(21+)",0.3587538226299694,0.8771028037383177,1.9176773377178764
"cate2=고등교육, domain_spread=대공유(21+)","col_type=수치형, rec_bucket=중(101-1k)",0.3587538226299694,0.7843710823234433,1.9176773377178762
"col_type=수치형, dom_sim_bucket=낮은유사(0-0.1), pk_bucket=중PK(0.3-0.7), rec_bucket=중(101-1k)",cate2=고등교육,0.09021406727828746,0.9853862212943633,1.9172706246976974
"dom_sim_bucket=낮은유사(0-0.1), domain_spread=대공유(21+)","cate2=고등교육, col_type=수치형, rec_bucket=중(101-1k)",0.22477064220183487,0.6925795053003534,1.9162220897575086
"cate2=고등교육, col_type=수치형, rec_bucket=중(101-1k)","dom_sim_bucket=낮은유사(0-0.1), domain_spread=대공유(21+)",0.22477064220183487,0.6218931782125859,1.9162220897575084
"dom_sim_bucket=낮은유사(0-0.1), pk_bucket=중PK(0.3-0.7), rec_bucket=중(101-1k)","cate2=고등교육, domain_spread=대공유(21+)",0.0915519877675841,0.8724954462659381,1.9076039176194686
"col_type=수치형, dom_sim_bucket=중유사(0.1-0.3), pk_bucket=저PK(0-0.3), rec_bucket=중(101-1k)","cate2=고등교육, domain_spread=대공유(21+)",0.05485474006116208,0.8723404255319149,1.9072649838625069
"cate2=고등교육, pk_bucket=중PK(0.3-0.7), rec_bucket=중(101-1k)",dom_sim_bucket=낮은유사(0-0.1),0.09288990825688073,0.9510763209393346,1.9043365140277835
"cate2=고등교육, col_type=수치형, pk_bucket=저PK(0-0.3)","domain_spread=대공유(21+), rec_bucket=중(101-1k)",0.20642201834862386,0.8660785886126705,1.9015204261944993
"cate2=고등교육, col_type=수치형, pk_bucket=중PK(0.3-0.7)",dom_sim_bucket=낮은유사(0-0.1),0.09384556574923547,0.9478764478764479,1.89792942031748
"cate2=고등교육, col_type=수치형, domain_spread=대공유(21+), pk_bucket=중PK(0.3-0.7)",dom_sim_bucket=낮은유사(0-0.1),0.09365443425076453,0.9477756286266925,1.8977275503156736
"domain_spread=대공유(21+), pk_bucket=저PK(0-0.3), rec_bucket=중(101-1k)","cate2=고등교육, col_type=수치형",0.20642201834862386,0.7906295754026355,1.8966409621763358
"col_type=수치형, dom_sim_bucket=중유사(0.1-0.3), pk_bucket=저PK(0-0.3)","cate2=고등교육, domain_spread=대공유(21+), rec_bucket=중(101-1k)",0.05485474006116208,0.7175,1.893071104387292
"cate2=고등교육, col_type=수치형","domain_spread=대공유(21+), rec_bucket=중(101-1k)",0.3587538226299694,0.8606143970655662,1.8895235104687547
"domain_spread=대공유(21+), rec_bucket=중(101-1k)","cate2=고등교육, col_type=수치형",0.3587538226299694,0.7876626101552664,1.8895235104687544
"cate2=고등교육, dom_sim_bucket=낮은유사(0-0.1), pk_bucket=저PK(0-0.3)","col_type=수치형, domain_spread=대공유(21+), rec_bucket=중(101-1k)",0.07339449541284404,0.7588932806324111,1.8871338613444748
"col_type=수치형, domain_spread=대공유(21+), pk_bucket=중PK(0.3-0.7)","cate2=고등교육, rec_bucket=중(101-1k)",0.09040519877675841,0.7531847133757962,1.8845826974567985
"pk_bucket=중PK(0.3-0.7), rec_bucket=중(101-1k)","cate2=고등교육, col_type=수치형, domain_spread=대공유(21+)",0.09040519877675841,0.7754098360655738,1.883446732727522
"cate2=고등교육, domain_spread=대공유(21+), pk_bucket=저PK(0-0.3)","col_type=수치형, rec_bucket=중(101-1k)",0.20642201834862386,0.7697790449037777,1.882001851839516
"dom_sim_bucket=중유사(0.1-0.3), rec_bucket=중(101-1k)","domain_spread=대공유(21+), pk_bucket=저PK(0-0.3)",0.07148318042813456,0.7290448343079923,1.8817772930929528
"dom_sim_bucket=낮은유사(0-0.1), domain_spread=대공유(21+), pk_bucket=저PK(0-0.3)","cate2=고등교육, col_type=수치형, rec_bucket=중(101-1k)",0.07339449541284404,0.6784452296819788,1.8771155164971514
"cate2=고등교육, col_type=수치형, dom_sim_bucket=최고유사(0.6+), domain_spread=대공유(21+), rec_bucket=중(101-1k)",pk_bucket=저PK(0-0.3),0.058486238532110095,1.0,1.8766140602582497
"cate2=고등교육, col_type=수치형, dom_sim_bucket=최고유사(0.6+), rec_bucket=중(101-1k)",pk_bucket=저PK(0-0.3),0.058486238532110095,1.0,1.8766140602582497
"col_type=수치형, dom_sim_bucket=최고유사(0.6+), rec_bucket=중(101-1k)",pk_bucket=저PK(0-0.3),0.06422018348623854,1.0,1.8766140602582497
"col_type=수치형, dom_sim_bucket=최고유사(0.6+), domain_spread=대공유(21+), rec_bucket=중(101-1k)",pk_bucket=저PK(0-0.3),0.06345565749235474,1.0,1.8766140602582497
"cate2=고등교육, dom_sim_bucket=최고유사(0.6+), domain_spread=대공유(21+), rec_bucket=중(101-1k)",pk_bucket=저PK(0-0.3),0.06135321100917431,1.0,1.8766140602582497
"dom_sim_bucket=최고유사(0.6+), domain_spread=대공유(21+), rec_bucket=중(101-1k)",pk_bucket=저PK(0-0.3),0.07301223241590214,1.0,1.8766140602582497
"col_type=수치형, domain_spread=대공유(21+), pk_bucket=중PK(0.3-0.7), rec_bucket=중(101-1k)",cate2=고등교육,0.09040519877675841,0.9633401221995928,1.8743754255664815
"cate2=고등교육, dom_sim_bucket=중유사(0.1-0.3), pk_bucket=저PK(0-0.3)","col_type=수치형, domain_spread=대공유(21+), rec_bucket=중(101-1k)",0.05485474006116208,0.7513089005235603,1.8682738438874844
"col_type=수치형, pk_bucket=중PK(0.3-0.7)","cate2=고등교육, rec_bucket=중(101-1k)",0.09059633027522936,0.7464566929133858,1.8677481670601792
"col_type=수치형, pk_bucket=중PK(0.3-0.7), rec_bucket=중(101-1k)",cate2=고등교육,0.09059633027522936,0.9595141700404859,1.8669312523807444
"col_type=수치형, dom_sim_bucket=낮은유사(0-0.1), domain_spread=대공유(21+), pk_bucket=중PK(0.3-0.7)",cate2=고등교육,0.09365443425076453,0.958904109589041,1.8657442548790861
"cate2=고등교육, dom_sim_bucket=낮은유사(0-0.1), pk_bucket=저PK(0-0.3)","col_type=수치형, rec_bucket=중(101-1k)",0.07377675840978594,0.7628458498023717,1.865051161759817
"dom_sim_bucket=낮은유사(0-0.1), pk_bucket=중PK(0.3-0.7)","cate2=고등교육, col_type=수치형, domain_spread=대공유(21+), rec_bucket=중(101-1k)",0.09002293577981652,0.6690340909090909,1.8648835181866616
"pk_bucket=중PK(0.3-0.7), rec_bucket=중(101-1k)","cate2=고등교육, col_type=수치형",0.09059633027522936,0.7770491803278688,1.8640629580354928
"dom_sim_bucket=낮은유사(0-0.1), domain_spread=대공유(21+), pk_bucket=중PK(0.3-0.7), rec_bucket=중(101-1k)",cate2=고등교육,0.0915519877675841,0.958,1.8639851245816288
"cate2=고등교육, col_type=수치형, dom_sim_bucket=중유사(0.1-0.3)","domain_spread=대공유(21+), rec_bucket=중(101-1k)",0.05581039755351682,0.8488372093023256,1.8636660843767385
"col_type=수치형, dom_sim_bucket=낮은유사(0-0.1), pk_bucket=중PK(0.3-0.7)",cate2=고등교육,0.09384556574923547,0.9552529182879377,1.8586401147201523
"dom_sim_bucket=낮은유사(0-0.1), pk_bucket=중PK(0.3-0.7)","cate2=고등교육, col_type=수치형, rec_bucket=중(101-1k)",0.09021406727828746,0.6704545454545455,1.8550069708187107
"dom_sim_bucket=최고유사(0.6+), rec_bucket=중(101-1k)",pk_bucket=저PK(0-0.3),0.08811162079510704,0.9871520342612421,1.8525033871071803
"cate2=고등교육, dom_sim_bucket=최고유사(0.6+), rec_bucket=중(101-1k)",pk_bucket=저PK(0-0.3),0.06746941896024465,0.9860335195530726,1.8504043666792238
"col_type=수치형, dom_sim_bucket=낮은유사(0-0.1)","cate2=고등교육, domain_spread=대공유(21+)",0.24139908256880735,0.8448160535117057,1.8470863317899058
"cate2=고등교육, col_type=수치형, dom_sim_bucket=중유사(0.1-0.3), domain_spread=대공유(21+), rec_bucket=중(101-1k)",pk_bucket=저PK(0-0.3),0.05485474006116208,0.9828767123287672,1.8444802578565673
"dom_sim_bucket=낮은유사(0-0.1), domain_spread=대공유(21+), pk_bucket=저PK(0-0.3), rec_bucket=중(101-1k)",cate2=고등교육,0.07396788990825688,0.9462102689486552,1.841045789192772
"dom_sim_bucket=중유사(0.1-0.3), domain_spread=대공유(21+), pk_bucket=저PK(0-0.3), rec_bucket=중(101-1k)","cate2=고등교육, col_type=수치형",0.05485474006116208,0.767379679144385,1.840866795636599
"cate2=고등교육, pk_bucket=중PK(0.3-0.7)","domain_spread=대공유(21+), rec_bucket=중(101-1k)",0.09518348623853211,0.8383838383838383,1.8407151667747554
"col_type=수치형, dom_sim_bucket=낮은유사(0-0.1)","domain_spread=대공유(21+), rec_bucket=중(101-1k)",0.2392966360856269,0.8374581939799332,1.8386828665140622
"cate2=고등교육, col_type=수치형, dom_sim_bucket=중유사(0.1-0.3), rec_bucket=중(101-1k)",pk_bucket=저PK(0-0.3),0.05485474006116208,0.9795221843003413,1.838185103392893
"cate2=고등교육, dom_sim_bucket=중유사(0.1-0.3), pk_bucket=저PK(0-0.3)","col_type=수치형, rec_bucket=중(101-1k)",0.05485474006116208,0.7513089005235603,1.8368449381024612
"domain_spread=대공유(21+), pk_bucket=중PK(0.3-0.7), rec_bucket=중(101-1k)",dom_sim_bucket=낮은유사(0-0.1),0.095565749235474,0.9157509157509157,1.8336045890580905
"col_type=수치형, dom_sim_bucket=낮은유사(0-0.1), domain_spread=대공유(21+), rec_bucket=중(101-1k)",cate2=고등교육,0.22477064220183487,0.9392971246006391,1.8275948515844342
"cate2=평생·직업교육, dom_sim_bucket=낮은유사(0-0.1)",col_type=범주형,0.05485474006116208,0.767379679144385,1.8249684005833737
"cate2=고등교육, domain_spread=대공유(21+), pk_bucket=중PK(0.3-0.7)",dom_sim_bucket=낮은유사(0-0.1),0.09747706422018348,0.9090909090909091,1.82026928295585
"cate2=고등교육, col_type=수치형, dom_sim_bucket=최고유사(0.6+), pk_bucket=저PK(0-0.3)","domain_spread=대공유(21+), rec_bucket=중(101-1k)",0.058486238532110095,0.827027027027027,1.8157806988692426
"col_type=수치형, dom_sim_bucket=중유사(0.1-0.3), domain_spread=대공유(21+), pk_bucket=저PK(0-0.3)","cate2=고등교육, rec_bucket=중(101-1k)",0.05485474006116208,0.7229219143576826,1.8088605719365833
"col_type=수치형, dom_sim_bucket=낮은유사(0-0.1), rec_bucket=중(101-1k)",cate2=고등교육,0.22668195718654435,0.9287392325763508,1.8070523112084296
"col_type=수치형, dom_sim_bucket=중유사(0.1-0.3), pk_bucket=저PK(0-0.3)","domain_spread=대공유(21+), rec_bucket=중(101-1k)",0.0628822629969419,0.8225000000000001,1.8058413764162822
"dom_sim_bucket=낮은유사(0-0.1), domain_spread=대공유(21+)","col_type=수치형, rec_bucket=중(101-1k)",0.2392966360856269,0.7373380447585394,1.8026881542881672
"cate2=고등교육, dom_sim_bucket=낮은유사(0-0.1)","domain_spread=대공유(21+), rec_bucket=중(101-1k)",0.22782874617737003,0.8209366391184573,1.8024089365790048
"col_type=수치형, dom_sim_bucket=낮은유사(0-0.1), pk_bucket=저PK(0-0.3)","domain_spread=대공유(21+), rec_bucket=중(101-1k)",0.07358562691131498,0.8208955223880597,1.8023186626665246
"pk_bucket=중PK(0.3-0.7), rec_bucket=중(101-1k)",dom_sim_bucket=낮은유사(0-0.1),0.10493119266055045,0.8999999999999999,1.8020665901262913
"col_type=수치형, dom_sim_bucket=낮은유사(0-0.1), domain_spread=대공유(21+), pk_bucket=저PK(0-0.3)",cate2=고등교육,0.08046636085626911,0.9252747252747253,1.8003114029889784
"col_type=수치형, dom_sim_bucket=중유사(0.1-0.3), pk_bucket=저PK(0-0.3)","cate2=고등교육, rec_bucket=중(101-1k)",0.05485474006116208,0.7175,1.795294117647059
"dom_sim_bucket=낮은유사(0-0.1), pk_bucket=중PK(0.3-0.7)","cate2=고등교육, domain_spread=대공유(21+), rec_bucket=중(101-1k)",0.0915519877675841,0.6803977272727273,1.7951794801265302
"col_type=수치형, pk_bucket=저PK(0-0.3)","cate2=고등교육, domain_spread=대공유(21+), rec_bucket=중(101-1k)",0.20642201834862386,0.6801007556675064,1.7943959423360532
"col_type=수치형, dom_sim_bucket=최고유사(0.6+), domain_spread=대공유(21+), pk_bucket=저PK(0-0.3), rec_bucket=중(101-1k)",cate2=고등교육,0.058486238532110095,0.9216867469879518,1.7933302566905778
"col_type=수치형, dom_sim_bucket=최고유사(0.6+), domain_spread=대공유(21+), rec_bucket=중(101-1k)",cate2=고등교육,0.058486238532110095,0.9216867469879518,1.7933302566905778
"domain_spread=단독, pk_bucket=최고PK(0.9+)",dom_sim_bucket=낮은유사(0-0.1),0.05370795107033639,0.8920634920634921,1.7861753503544548
"pk_bucket=중PK(0.3-0.7), rec_bucket=중(101-1k)","cate2=고등교육, domain_spread=대공유(21+)",0.09518348623853211,0.8163934426229508,1.7849437909750432
"pk_bucket=최고PK(0.9+), rec_bucket=중(101-1k)",dom_sim_bucket=낮은유사(0-0.1),0.06269113149847094,0.8913043478260869,1.784655318724105
"dom_sim_bucket=낮은유사(0-0.1), domain_spread=대공유(21+), pk_bucket=저PK(0-0.3)","cate2=고등교육, col_type=수치형",0.08046636085626911,0.7438162544169612,1.784340505781541
"dom_sim_bucket=낮은유사(0-0.1), domain_spread=대공유(21+)","cate2=고등교육, col_type=수치형",0.24139908256880735,0.7438162544169611,1.7843405057815407
"cate2=고등교육, pk_bucket=중PK(0.3-0.7)",dom_sim_bucket=낮은유사(0-0.1),0.1011085626911315,0.8905723905723906,1.7831897234882308
"col_type=수치형, pk_bucket=중PK(0.3-0.7)","cate2=고등교육, domain_spread=대공유(21+)",0.09881498470948012,0.8141732283464567,1.7800895656952198
"cate2=고등교육, dom_sim_bucket=최고유사(0.6+), domain_spread=대공유(21+), pk_bucket=저PK(0-0.3)","col_type=수치형, rec_bucket=중(101-1k)",0.058486238532110095,0.7268408551068885,1.7770239971585233
"domain_spread=대공유(21+), pk_bucket=중PK(0.3-0.7), rec_bucket=중(101-1k)",cate2=고등교육,0.09518348623853211,0.9120879120879121,1.774653758290798
"dom_sim_bucket=낮은유사(0-0.1), pk_bucket=저PK(0-0.3), rec_bucket=중(101-1k)","cate2=고등교육, col_type=수치형, domain_spread=대공유(21+)",0.07339449541284404,0.7300380228136882,1.773239988561382
"col_type=수치형, dom_sim_bucket=최고유사(0.6+), rec_bucket=중(101-1k)",cate2=고등교육,0.058486238532110095,0.9107142857142857,1.7719810869680708
"col_type=수치형, dom_sim_bucket=최고유사(0.6+), pk_bucket=저PK(0-0.3), rec_bucket=중(101-1k)",cate2=고등교육,0.058486238532110095,0.9107142857142857,1.7719810869680708
"cate2=유아및초·중등교육, pk_bucket=저PK(0-0.3)",col_type=범주형,0.052370030581039756,0.7445652173913043,1.7707114624505929
"col_type=수치형, dom_sim_bucket=낮은유사(0-0.1), pk_bucket=저PK(0-0.3)",cate2=고등교육,0.08142201834862385,0.908315565031983,1.7673138848074879
"dom_sim_bucket=낮은유사(0-0.1), pk_bucket=저PK(0-0.3), rec_bucket=중(101-1k)","cate2=고등교육, col_type=수치형",0.07377675840978594,0.7338403041825096,1.760409202880738
"cate2=고등교육, dom_sim_bucket=최고유사(0.6+), domain_spread=대공유(21+)",pk_bucket=저PK(0-0.3),0.08046636085626911,0.9376391982182628,1.7595869028256639
"dom_sim_bucket=낮은유사(0-0.1), domain_spread=대공유(21+)","cate2=고등교육, rec_bucket=중(101-1k)",0.22782874617737003,0.702002355712603,1.7565166547529123
"cate2=고등교육, col_type=수치형, dom_sim_bucket=최고유사(0.6+)",pk_bucket=저PK(0-0.3),0.07071865443425077,0.9343434343434344,1.7534020259988696
"cate2=고등교육, col_type=수치형, dom_sim_bucket=최고유사(0.6+), domain_spread=대공유(21+)",pk_bucket=저PK(0-0.3),0.07071865443425077,0.9343434343434344,1.7534020259988696
"col_type=수치형, domain_spread=대공유(21+), pk_bucket=저PK(0-0.3), rec_bucket=중(101-1k)",cate2=고등교육,0.20642201834862386,0.9,1.7511342506507994
"cate2=고등교육, col_type=수치형, dom_sim_bucket=중유사(0.1-0.3), domain_spread=대공유(21+)",pk_bucket=저PK(0-0.3),0.06058868501529052,0.9323529411764707,1.7496666385348978
"col_type=수치형, dom_sim_bucket=중유사(0.1-0.3)","domain_spread=대공유(21+), pk_bucket=저PK(0-0.3)",0.07587920489296636,0.6774744027303754,1.7486660459227055
"cate2=고등교육, col_type=수치형, dom_sim_bucket=낮은유사(0-0.1), pk_bucket=중PK(0.3-0.7)",rec_bucket=중(101-1k),0.09021406727828746,0.9613034623217922,1.7463679565512558
"cate2=고등교육, col_type=수치형, dom_sim_bucket=낮은유사(0-0.1), domain_spread=대공유(21+), pk_bucket=중PK(0.3-0.7)",rec_bucket=중(101-1k),0.09002293577981652,0.9612244897959183,1.7462244897959183
"dom_sim_bucket=낮은유사(0-0.1), rec_bucket=중(101-1k)","cate2=고등교육, col_type=수치형, domain_spread=대공유(21+)",0.22477064220183487,0.717510677242221,1.742811450014531
"cate2=고등교육, col_type=수치형, dom_sim_bucket=중유사(0.1-0.3)",pk_bucket=저PK(0-0.3),0.060970948012232414,0.9273255813953488,1.7402322244836674
"col_type=수치형, dom_sim_bucket=중유사(0.1-0.3), rec_bucket=중(101-1k)","cate2=고등교육, domain_spread=대공유(21+)",0.05581039755351682,0.7956403269754768,1.7395696576413266
"dom_sim_bucket=낮은유사(0-0.1), domain_spread=대공유(21+), pk_bucket=중PK(0.3-0.7)",cate2=고등교육,0.09747706422018348,0.8931698774080561,1.7378448488653586
"col_type=수치형, domain_spread=대공유(21+), pk_bucket=저PK(0-0.3)","cate2=고등교육, rec_bucket=중(101-1k)",0.20642201834862386,0.6940874035989717,1.7367122408559637
"dom_sim_bucket=낮은유사(0-0.1), rec_bucket=중(101-1k)","cate2=고등교육, col_type=수치형",0.22668195718654435,0.7236119585112875,1.735872428670819
"col_type=수치형, domain_spread=대공유(21+), rec_bucket=중(101-1k)",cate2=고등교육,0.3587538226299694,0.8921102661596958,1.735783158254938
cate2=고등교육,"col_type=수치형, domain_spread=대공유(21+), rec_bucket=중(101-1k)",0.3587538226299694,0.6980290070658237,1.735783158254938
"col_type=수치형, pk_bucket=저PK(0-0.3), rec_bucket=중(101-1k)",cate2=고등교육,0.2069954128440367,0.8920922570016475,1.7357481177510672
"domain_spread=대공유(21+), pk_bucket=중PK(0.3-0.7)","cate2=고등교육, col_type=수치형, rec_bucket=중(101-1k)",0.09040519877675841,0.6264900662251656,1.7333664867742284
"cate2=고등교육, dom_sim_bucket=낮은유사(0-0.1), pk_bucket=중PK(0.3-0.7), rec_bucket=중(101-1k)","col_type=수치형, domain_spread=대공유(21+)",0.09002293577981652,0.9691358024691359,1.7329181539707856
"col_type=수치형, dom_sim_bucket=중유사(0.1-0.3), pk_bucket=저PK(0-0.3)","cate2=고등교육, domain_spread=대공유(21+)",0.06058868501529052,0.7925000000000001,1.7327037191809447
"cate2=평생·직업교육, pk_bucket=저PK(0-0.3)",col_type=범주형,0.05122324159021407,0.7282608695652174,1.7319367588932806
"dom_sim_bucket=낮은유사(0-0.1), domain_spread=대공유(21+), rec_bucket=중(101-1k)",cate2=고등교육,0.22782874617737003,0.8882265275707898,1.7282265497398186
dom_sim_bucket=최고유사(0.6+),"domain_spread=대공유(21+), pk_bucket=저PK(0-0.3)",0.12041284403669725,0.6695005313496281,1.72808425260052
"dom_sim_bucket=낮은유사(0-0.1), pk_bucket=중PK(0.3-0.7)","cate2=고등교육, rec_bucket=중(101-1k)",0.09288990825688073,0.6903409090909092,1.7273379418286166
"cate2=고등교육, dom_sim_bucket=최고유사(0.6+)",pk_bucket=저PK(0-0.3),0.09002293577981652,0.919921875,1.726338324964132
"cate2=고등교육, dom_sim_bucket=중유사(0.1-0.3), pk_bucket=저PK(0-0.3)","domain_spread=대공유(21+), rec_bucket=중(101-1k)",0.05733944954128441,0.7853403141361257,1.7242553602854425
"dom_sim_bucket=낮은유사(0-0.1), pk_bucket=중PK(0.3-0.7), rec_bucket=중(101-1k)",cate2=고등교육,0.09288990825688073,0.8852459016393442,1.7224271317876716
"domain_spread=단독, rec_bucket=소(≤100)",dom_sim_bucket=낮은유사(0-0.1),0.07262996941896024,0.8597285067873303,1.721431131845125
"pk_bucket=저PK(0-0.3), rec_bucket=소(≤100)",col_type=범주형,0.060015290519877675,0.7235023041474654,1.720620025136154
cate2=고등교육,"col_type=수치형, rec_bucket=중(101-1k)",0.3614296636085627,0.7032354034957233,1.7193119771446843
"col_type=수치형, rec_bucket=중(101-1k)",cate2=고등교육,0.3614296636085627,0.8836448598130842,1.7193119771446843
"col_type=범주형, domain_spread=단독, rec_bucket=소(≤100)",dom_sim_bucket=낮은유사(0-0.1),0.06880733944954129,0.8571428571428571,1.7162538953583728
"cate2=고등교육, dom_sim_bucket=낮은유사(0-0.1), domain_spread=대공유(21+), pk_bucket=저PK(0-0.3), rec_bucket=중(101-1k)",col_type=수치형,0.07339449541284404,0.992248062015504,1.7122169724489171
"cate2=고등교육, dom_sim_bucket=중유사(0.1-0.3), domain_spread=대공유(21+)","col_type=수치형, rec_bucket=중(101-1k)",0.05581039755351682,0.7002398081534773,1.711988166476165
"col_type=수치형, dom_sim_bucket=낮은유사(0-0.1), domain_spread=대공유(21+)",cate2=고등교육,0.24139908256880735,0.8795264623955432,1.711298791838409
domain_spread=단독,dom_sim_bucket=낮은유사(0-0.1),0.12347094801223242,0.8544973544973545,1.7109568154344275
"dom_sim_bucket=낮은유사(0-0.1), domain_spread=대공유(21+), pk_bucket=저PK(0-0.3)","cate2=고등교육, rec_bucket=중(101-1k)",0.07396788990825688,0.6837455830388693,1.7108354330269557
"col_type=범주형, domain_spread=단독",dom_sim_bucket=낮은유사(0-0.1),0.11716360856269113,0.8537604456824514,1.709481305706309
"dom_sim_bucket=최고유사(0.6+), domain_spread=대공유(21+)",pk_bucket=저PK(0-0.3),0.12041284403669725,0.9104046242774566,1.708478118443204
"col_type=수치형, pk_bucket=저PK(0-0.3)","cate2=고등교육, rec_bucket=중(101-1k)",0.2069954128440367,0.6819899244332494,1.7064425081945294
"cate2=고등교육, dom_sim_bucket=낮은유사(0-0.1), domain_spread=대공유(21+), pk_bucket=중PK(0.3-0.7)",rec_bucket=중(101-1k),0.0915519877675841,0.9392156862745098,1.7062418300653595
"col_type=수치형, pk_bucket=저PK(0-0.3)","cate2=고등교육, domain_spread=대공유(21+)",0.2368119266055046,0.7802267002518892,1.7058696597233114
"cate2=고등교육, dom_sim_bucket=낮은유사(0-0.1), domain_spread=대공유(21+), rec_bucket=중(101-1k)",col_type=수치형,0.22477064220183487,0.9865771812080537,1.7024313364381718
"cate2=고등교육, dom_sim_bucket=낮은유사(0-0.1), rec_bucket=중(101-1k)","col_type=수치형, domain_spread=대공유(21+)",0.22477064220183487,0.9514563106796117,1.7013053374831608
"col_type=수치형, dom_sim_bucket=최고유사(0.6+), pk_bucket=저PK(0-0.3)","cate2=고등교육, domain_spread=대공유(21+)",0.07071865443425077,0.7773109243697479,1.699494674593615
"col_type=수치형, pk_bucket=중PK(0.3-0.7)","domain_spread=대공유(21+), rec_bucket=중(101-1k)",0.09384556574923547,0.7732283464566929,1.697662907537313
"col_type=수치형, dom_sim_bucket=중유사(0.1-0.3), pk_bucket=저PK(0-0.3), rec_bucket=중(101-1k)",cate2=고등교육,0.05485474006116208,0.8723404255319149,1.6973168859735883
"col_type=수치형, dom_sim_bucket=중유사(0.1-0.3), domain_spread=대공유(21+), pk_bucket=저PK(0-0.3), rec_bucket=중(101-1k)",cate2=고등교육,0.05485474006116208,0.8723404255319149,1.6973168859735883
"cate2=고등교육, dom_sim_bucket=낮은유사(0-0.1), domain_spread=대공유(21+), pk_bucket=중PK(0.3-0.7), rec_bucket=중(101-1k)",col_type=수치형,0.09002293577981652,0.9832985386221295,1.6967737315537537
"cate2=고등교육, col_type=수치형, dom_sim_bucket=최고유사(0.6+)","domain_spread=대공유(21+), rec_bucket=중(101-1k)",0.058486238532110095,0.7727272727272727,1.6965627741960094
"col_type=수치형, dom_sim_bucket=최고유사(0.6+), pk_bucket=저PK(0-0.3)","cate2=고등교육, domain_spread=대공유(21+), rec_bucket=중(101-1k)",0.058486238532110095,0.6428571428571429,1.6961314026366978
"cate2=고등교육, pk_bucket=저PK(0-0.3)","col_type=수치형, domain_spread=대공유(21+), rec_bucket=중(101-1k)",0.20642201834862386,0.6818181818181818,1.6954718285516763
"cate2=고등교육, dom_sim_bucket=낮은유사(0-0.1), pk_bucket=저PK(0-0.3), rec_bucket=중(101-1k)","col_type=수치형, domain_spread=대공유(21+)",0.07339449541284404,0.9481481481481483,1.6953899901268326
"col_type=수치형, dom_sim_bucket=낮은유사(0-0.1), pk_bucket=중PK(0.3-0.7)",rec_bucket=중(101-1k),0.0915519877675841,0.9319066147859921,1.6929636835278856
"col_type=수치형, dom_sim_bucket=낮은유사(0-0.1), domain_spread=대공유(21+), pk_bucket=중PK(0.3-0.7)",rec_bucket=중(101-1k),0.09097859327217125,0.9315068493150684,1.6922374429223743
"dom_sim_bucket=중유사(0.1-0.3), pk_bucket=저PK(0-0.3), rec_bucket=중(101-1k)","cate2=고등교육, col_type=수치형, domain_spread=대공유(21+)",0.05485474006116208,0.6966019417475728,1.6920247721556645
"cate2=고등교육, col_type=수치형, dom_sim_bucket=낮은유사(0-0.1), domain_spread=대공유(21+)",rec_bucket=중(101-1k),0.22477064220183487,0.9311163895486936,1.6915281076801265
"dom_sim_bucket=낮은유사(0-0.1), pk_bucket=중PK(0.3-0.7)","cate2=고등교육, col_type=수치형, domain_spread=대공유(21+)",0.09365443425076453,0.6960227272727274,1.6906178779437835
"col_type=수치형, dom_sim_bucket=중유사(0.1-0.3), domain_spread=대공유(21+), rec_bucket=중(101-1k)",pk_bucket=저PK(0-0.3),0.0628822629969419,0.8989071038251367,1.6869017099042738
"cate2=고등교육, col_type=수치형, dom_sim_bucket=낮은유사(0-0.1)",rec_bucket=중(101-1k),0.22668195718654435,0.9272869429241596,1.6845712796455565
"col_type=수치형, dom_sim_bucket=중유사(0.1-0.3), rec_bucket=중(101-1k)",pk_bucket=저PK(0-0.3),0.0628822629969419,0.8964577656675748,1.6823052474794662
"dom_sim_bucket=낮은유사(0-0.1), pk_bucket=중PK(0.3-0.7)","col_type=수치형, domain_spread=대공유(21+), rec_bucket=중(101-1k)",0.09097859327217125,0.6761363636363636,1.6813428966470791
"cate2=고등교육, dom_sim_bucket=낮은유사(0-0.1), pk_bucket=저PK(0-0.3)","domain_spread=대공유(21+), rec_bucket=중(101-1k)",0.07396788990825688,0.7648221343873518,1.6792066332835185
"cate2=고등교육, dom_sim_bucket=낮은유사(0-0.1), pk_bucket=중PK(0.3-0.7), rec_bucket=중(101-1k)",col_type=수치형,0.09021406727828746,0.9711934156378601,1.6758852079872308
"cate2=고등교육, dom_sim_bucket=중유사(0.1-0.3), domain_spread=대공유(21+), rec_bucket=중(101-1k)",pk_bucket=저PK(0-0.3),0.05733944954128441,0.8928571428571429,1.675548268087723
"dom_sim_bucket=낮은유사(0-0.1), pk_bucket=중PK(0.3-0.7)","cate2=고등교육, col_type=수치형",0.09384556574923547,0.6974431818181819,1.6730961610603978
"col_type=수치형, dom_sim_bucket=최고유사(0.6+), domain_spread=대공유(21+)",pk_bucket=저PK(0-0.3),0.08906727828746178,0.8910133843212237,1.6720882448954957
"cate2=고등교육, dom_sim_bucket=중유사(0.1-0.3), pk_bucket=저PK(0-0.3), rec_bucket=중(101-1k)","col_type=수치형, domain_spread=대공유(21+)",0.05485474006116208,0.9348534201954398,1.671617598927731
"cate2=고등교육, pk_bucket=저PK(0-0.3)","col_type=수치형, rec_bucket=중(101-1k)",0.2069954128440367,0.6837121212121211,1.6715802888700082
"dom_sim_bucket=중유사(0.1-0.3), pk_bucket=저PK(0-0.3), rec_bucket=중(101-1k)","cate2=고등교육, col_type=수치형",0.05485474006116208,0.6966019417475728,1.6710781106021555
"col_type=수치형, dom_sim_bucket=최고유사(0.6+)",pk_bucket=저PK(0-0.3),0.09097859327217125,0.8897196261682242,1.6696603601550033
dom_sim_bucket=최고유사(0.6+),pk_bucket=저PK(0-0.3),0.15997706422018348,0.8894792773645058,1.6692093182105792
"cate2=고등교육, dom_sim_bucket=낮은유사(0-0.1), pk_bucket=중PK(0.3-0.7)",rec_bucket=중(101-1k),0.09288990825688073,0.9187145557655955,1.6689981096408317
"col_type=범주형, dom_sim_bucket=최고유사(0.6+)",pk_bucket=저PK(0-0.3),0.06899847094801223,0.8891625615763546,1.6686149649094288
"cate2=고등교육, dom_sim_bucket=최고유사(0.6+), domain_spread=대공유(21+)","col_type=수치형, rec_bucket=중(101-1k)",0.058486238532110095,0.6815144766146993,1.6662073559103303
"col_type=수치형, dom_sim_bucket=낮은유사(0-0.1)",cate2=고등교육,0.2444571865443425,0.8555183946488295,1.6645861810348366
"dom_sim_bucket=낮은유사(0-0.1), pk_bucket=중PK(0.3-0.7)","col_type=수치형, rec_bucket=중(101-1k)",0.0915519877675841,0.6803977272727273,1.6634770603228546
"dom_sim_bucket=낮은유사(0-0.1), domain_spread=대공유(21+), pk_bucket=저PK(0-0.3)","col_type=수치형, rec_bucket=중(101-1k)",0.07358562691131498,0.6802120141342757,1.6630230177338925
"cate2=고등교육, col_type=수치형, pk_bucket=중PK(0.3-0.7)",rec_bucket=중(101-1k),0.09059633027522936,0.9150579150579151,1.6623552123552123
"cate2=고등교육, col_type=수치형, domain_spread=대공유(21+), pk_bucket=중PK(0.3-0.7)",rec_bucket=중(101-1k),0.09040519877675841,0.9148936170212766,1.6620567375886524
"col_type=수치형, pk_bucket=저PK(0-0.3)","domain_spread=대공유(21+), rec_bucket=중(101-1k)",0.22935779816513763,0.7556675062972292,1.659107172869116
"cate2=고등교육, dom_sim_bucket=낮은유사(0-0.1), domain_spread=대공유(21+), pk_bucket=중PK(0.3-0.7)",col_type=수치형,0.09365443425076453,0.9607843137254902,1.6579233276424026
"cate2=고등교육, col_type=수치형, dom_sim_bucket=낮은유사(0-0.1), domain_spread=대공유(21+), pk_bucket=저PK(0-0.3)",rec_bucket=중(101-1k),0.07339449541284404,0.9121140142517815,1.6570071258907364
"cate2=고등교육, dom_sim_bucket=낮은유사(0-0.1), pk_bucket=중PK(0.3-0.7)","col_type=수치형, domain_spread=대공유(21+)",0.09365443425076453,0.9262759924385634,1.6562802434854969
"cate2=고등교육, dom_sim_bucket=낮은유사(0-0.1), rec_bucket=중(101-1k)",col_type=수치형,0.22668195718654435,0.9595469255663431,1.6557880984706816
"cate2=고등교육, dom_sim_bucket=중유사(0.1-0.3), rec_bucket=중(101-1k)",pk_bucket=저PK(0-0.3),0.05867737003058104,0.8821839080459769,1.6555187255726511
"cate2=고등교육, pk_bucket=중PK(0.3-0.7), rec_bucket=중(101-1k)","col_type=수치형, domain_spread=대공유(21+)",0.09040519877675841,0.9256360078277887,1.6551358827597369
"cate2=고등교육, dom_sim_bucket=중유사(0.1-0.3), domain_spread=대공유(21+), pk_bucket=저PK(0-0.3), rec_bucket=중(101-1k)",col_type=수치형,0.05485474006116208,0.9566666666666667,1.6508179419525064
"domain_spread=대공유(21+), pk_bucket=중PK(0.3-0.7)","cate2=고등교육, rec_bucket=중(101-1k)",0.09518348623853211,0.6596026490066225,1.6504261404125533
"cate2=고등교육, col_type=수치형, dom_sim_bucket=낮은유사(0-0.1), pk_bucket=저PK(0-0.3)",rec_bucket=중(101-1k),0.07377675840978594,0.9061032863849766,1.6460876369327073
"cate2=고등교육, dom_sim_bucket=최고유사(0.6+), domain_spread=대공유(21+), rec_bucket=중(101-1k)",col_type=수치형,0.058486238532110095,0.9532710280373833,1.64495844943654
"cate2=고등교육, dom_sim_bucket=최고유사(0.6+), domain_spread=대공유(21+), pk_bucket=저PK(0-0.3), rec_bucket=중(101-1k)",col_type=수치형,0.058486238532110095,0.9532710280373833,1.64495844943654
"cate2=고등교육, dom_sim_bucket=낮은유사(0-0.1), domain_spread=대공유(21+)",col_type=수치형,0.24139908256880735,0.9532075471698113,1.6448489072534473
"cate2=고등교육, col_type=수치형, dom_sim_bucket=중유사(0.1-0.3), domain_spread=대공유(21+), pk_bucket=저PK(0-0.3)",rec_bucket=중(101-1k),0.05485474006116208,0.9053627760252366,1.6447423764458464
"cate2=고등교육, dom_sim_bucket=낮은유사(0-0.1), pk_bucket=저PK(0-0.3), rec_bucket=중(101-1k)",col_type=수치형,0.07377675840978594,0.9530864197530866,1.644639890550181
"col_type=수치형, dom_sim_bucket=최고유사(0.6+), domain_spread=대공유(21+), pk_bucket=저PK(0-0.3)","cate2=고등교육, rec_bucket=중(101-1k)",0.058486238532110095,0.6566523605150215,1.643044069925678
"dom_sim_bucket=낮은유사(0-0.1), domain_spread=대공유(21+), pk_bucket=중PK(0.3-0.7), rec_bucket=중(101-1k)",col_type=수치형,0.09097859327217125,0.952,1.6427651715039575
"domain_spread=대공유(21+), pk_bucket=중PK(0.3-0.7)","cate2=고등교육, col_type=수치형",0.09881498470948012,0.6847682119205298,1.6426901810033068
"cate2=고등교육, domain_spread=대공유(21+), pk_bucket=중PK(0.3-0.7), rec_bucket=중(101-1k)",col_type=수치형,0.09040519877675841,0.9497991967871486,1.638967479416346
"dom_sim_bucket=최고유사(0.6+), domain_spread=대공유(21+), pk_bucket=저PK(0-0.3), rec_bucket=중(101-1k)",cate2=고등교육,0.06135321100917431,0.8403141361256544,1.635003183417413
"dom_sim_bucket=최고유사(0.6+), domain_spread=대공유(21+), rec_bucket=중(101-1k)",cate2=고등교육,0.06135321100917431,0.8403141361256544,1.635003183417413
"cate2=고등교육, col_type=수치형, dom_sim_bucket=중유사(0.1-0.3), pk_bucket=저PK(0-0.3)",rec_bucket=중(101-1k),0.05485474006116208,0.8996865203761756,1.6344305120167189
"cate2=고등교육, dom_sim_bucket=낮은유사(0-0.1), domain_spread=대공유(21+)",rec_bucket=중(101-1k),0.22782874617737003,0.8996226415094339,1.6343144654088049
"cate2=고등교육, domain_spread=대공유(21+), rec_bucket=중(101-1k)",col_type=수치형,0.3587538226299694,0.9465456379223399,1.6333531588422434
col_type=수치형,"cate2=고등교육, domain_spread=대공유(21+), rec_bucket=중(101-1k)",0.3587538226299694,0.6190633245382585,1.6333531588422434
"cate2=고등교육, domain_spread=대공유(21+), pk_bucket=저PK(0-0.3), rec_bucket=중(101-1k)",col_type=수치형,0.20642201834862386,0.9457092819614712,1.6319099482923538
"cate2=교육일반, pk_bucket=저PK(0-0.3)",col_type=범주형,0.06135321100917431,0.6858974358974359,1.631188811188811
"pk_bucket=중PK(0.3-0.7), rec_bucket=중(101-1k)",cate2=고등교육,0.09766819571865444,0.8377049180327869,1.6299264154509263
"col_type=수치형, domain_spread=대공유(21+), pk_bucket=중PK(0.3-0.7)",dom_sim_bucket=낮은유사(0-0.1),0.09766819571865444,0.8136942675159237,1.6292569489641455
"domain_spread=대공유(21+), pk_bucket=저PK(0-0.3), rec_bucket=중(101-1k)",cate2=고등교육,0.21827217125382262,0.83601756954612,1.626643333531164
"dom_sim_bucket=낮은유사(0-0.1), domain_spread=대공유(21+), pk_bucket=저PK(0-0.3), rec_bucket=중(101-1k)",col_type=수치형,0.07358562691131498,0.941320293398533,1.624336337421215
cate2=유아및초·중등교육,col_type=범주형,0.12003058103975535,0.6818675352877307,1.6216049748297303
"col_type=수치형, pk_bucket=중PK(0.3-0.7)",dom_sim_bucket=낮은유사(0-0.1),0.09824159021406728,0.8094488188976379,1.6207563032806893
cate2=고등교육,"domain_spread=대공유(21+), rec_bucket=중(101-1k)",0.3790137614678899,0.7374488657493492,1.6191072033573626
"domain_spread=대공유(21+), rec_bucket=중(101-1k)",cate2=고등교육,0.3790137614678899,0.8321443558539655,1.6191072033573624
"col_type=수치형, dom_sim_bucket=최고유사(0.6+)","cate2=고등교육, domain_spread=대공유(21+)",0.07568807339449542,0.7401869158878505,1.6183275987986767
"cate2=고등교육, dom_sim_bucket=중유사(0.1-0.3)","domain_spread=대공유(21+), rec_bucket=중(101-1k)",0.06422018348623854,0.7368421052631579,1.6177750292643063
"cate2=고등교육, dom_sim_bucket=최고유사(0.6+), pk_bucket=저PK(0-0.3)","col_type=수치형, domain_spread=대공유(21+), rec_bucket=중(101-1k)",0.058486238532110095,0.6496815286624205,1.6155578697536994
"cate2=고등교육, dom_sim_bucket=중유사(0.1-0.3), pk_bucket=저PK(0-0.3), rec_bucket=중(101-1k)",col_type=수치형,0.05485474006116208,0.9348534201954398,1.6131771419731336
"cate2=고등교육, domain_spread=대공유(21+), pk_bucket=중PK(0.3-0.7)",rec_bucket=중(101-1k),0.09518348623853211,0.8877005347593583,1.6126559714795008
"dom_sim_bucket=최고유사(0.6+), pk_bucket=저PK(0-0.3), rec_bucket=중(101-1k)","cate2=고등교육, col_type=수치형, domain_spread=대공유(21+)",0.058486238532110095,0.6637744034707158,1.6122876875388974
"cate2=고등교육, dom_sim_bucket=낮은유사(0-0.1), domain_spread=대공유(21+), pk_bucket=저PK(0-0.3)",col_type=수치형,0.08046636085626911,0.933481152993348,1.6108091663790225
"dom_sim_bucket=낮은유사(0-0.1), domain_spread=대공유(21+), rec_bucket=중(101-1k)",col_type=수치형,0.2392966360856269,0.9329359165424738,1.6098683098120785
"dom_sim_bucket=중유사(0.1-0.3), domain_spread=대공유(21+), pk_bucket=저PK(0-0.3)","col_type=수치형, rec_bucket=중(101-1k)",0.0628822629969419,0.658,1.6087177570093458
"dom_sim_bucket=낮은유사(0-0.1), pk_bucket=저PK(0-0.3), rec_bucket=중(101-1k)","cate2=고등교육, domain_spread=대공유(21+)",0.07396788990825688,0.7357414448669202,1.6086081235034375
"col_type=수치형, dom_sim_bucket=최고유사(0.6+), pk_bucket=저PK(0-0.3)","cate2=고등교육, rec_bucket=중(101-1k)",0.058486238532110095,0.6428571428571429,1.6085263373642142
"col_type=수치형, domain_spread=대공유(21+)","cate2=고등교육, rec_bucket=중(101-1k)",0.3587538226299694,0.6414900888585099,1.6051057603575916
"cate2=고등교육, rec_bucket=중(101-1k)","col_type=수치형, domain_spread=대공유(21+)",0.3587538226299694,0.8976566236250598,1.6051057603575916
"cate2=고등교육, dom_sim_bucket=중유사(0.1-0.3), domain_spread=대공유(21+)",pk_bucket=저PK(0-0.3),0.06804281345565749,0.8537170263788969,1.602097375184501
"col_type=수치형, domain_spread=대공유(21+), pk_bucket=중PK(0.3-0.7)",cate2=고등교육,0.09881498470948012,0.8232484076433121,1.6017983149088169
"cate2=고등교육, dom_sim_bucket=낮은유사(0-0.1), pk_bucket=중PK(0.3-0.7)",col_type=수치형,0.09384556574923547,0.9281663516068053,1.6016379787621389
"cate2=고등교육, pk_bucket=중PK(0.3-0.7), rec_bucket=중(101-1k)",col_type=수치형,0.09059633027522936,0.9275929549902152,1.6006485291915586
"cate2=고등교육, pk_bucket=저PK(0-0.3), rec_bucket=중(101-1k)","col_type=수치형, domain_spread=대공유(21+)",0.20642201834862386,0.8925619834710744,1.5959960005197065
"cate2=고등교육, dom_sim_bucket=중유사(0.1-0.3)","col_type=수치형, domain_spread=대공유(21+), rec_bucket=중(101-1k)",0.05581039755351682,0.6403508771929824,1.5923554132479487
"dom_sim_bucket=최고유사(0.6+), pk_bucket=저PK(0-0.3), rec_bucket=중(101-1k)","cate2=고등교육, col_type=수치형",0.058486238532110095,0.6637744034707158,1.5923281425762426
"dom_sim_bucket=중유사(0.1-0.3), pk_bucket=저PK(0-0.3), rec_bucket=중(101-1k)","cate2=고등교육, domain_spread=대공유(21+)",0.05733944954128441,0.7281553398058254,1.5920220383886663
"dom_sim_bucket=최고유사(0.6+), rec_bucket=중(101-1k)","cate2=고등교육, col_type=수치형, domain_spread=대공유(21+)",0.058486238532110095,0.6552462526766596,1.5915730705683764
"dom_sim_bucket=낮은유사(0-0.1), domain_spread=대공유(21+), pk_bucket=중PK(0.3-0.7)",rec_bucket=중(101-1k),0.095565749235474,0.8756567425569177,1.590776415645067
"cate2=고등교육, domain_spread=대공유(21+), pk_bucket=중PK(0.3-0.7)",col_type=수치형,0.09881498470948012,0.9215686274509804,1.590252987738631
"dom_sim_bucket=낮은유사(0-0.1), rec_bucket=중(101-1k)","cate2=고등교육, domain_spread=대공유(21+)",0.22782874617737003,0.7272727272727273,1.5900923147057706
"domain_spread=대공유(21+), pk_bucket=중PK(0.3-0.7)","col_type=수치형, rec_bucket=중(101-1k)",0.09384556574923547,0.6503311258278146,1.589968434734171
"cate2=고등교육, dom_sim_bucket=최고유사(0.6+), pk_bucket=저PK(0-0.3)","col_type=수치형, rec_bucket=중(101-1k)",0.058486238532110095,0.6496815286624205,1.5883802607298054
"col_type=수치형, pk_bucket=중PK(0.3-0.7)",cate2=고등교육,0.09900611620795106,0.8157480314960629,1.5872047976152477
"pk_bucket=저PK(0-0.3), rec_bucket=중(101-1k)","cate2=고등교육, col_type=수치형, domain_spread=대공유(21+)",0.20642201834862386,0.6533575317604355,1.58698542533454
"col_type=수치형, dom_sim_bucket=낮은유사(0-0.1), domain_spread=대공유(21+)",rec_bucket=중(101-1k),0.2392966360856269,0.871866295264624,1.5838904363974002
"dom_sim_bucket=낮은유사(0-0.1), pk_bucket=중PK(0.3-0.7)","cate2=고등교육, domain_spread=대공유(21+)",0.09747706422018348,0.7244318181818182,1.5838810166014512
"cate2=고등교육, col_type=수치형, domain_spread=대공유(21+), pk_bucket=저PK(0-0.3)",rec_bucket=중(101-1k),0.20642201834862386,0.8716707021791767,1.5835351089588376
rec_bucket=중(101-1k),"cate2=고등교육, col_type=수치형, domain_spread=대공유(21+)",0.3587538226299694,0.6517361111111111,1.5830470442587434
"cate2=고등교육, col_type=수치형, domain_spread=대공유(21+)",rec_bucket=중(101-1k),0.3587538226299694,0.8714020427112349,1.5830470442587432
"cate2=고등교육, pk_bucket=저PK(0-0.3)","domain_spread=대공유(21+), rec_bucket=중(101-1k)",0.21827217125382262,0.7209595959595959,1.5829041569704598
"cate2=고등교육, col_type=수치형, pk_bucket=저PK(0-0.3)",rec_bucket=중(101-1k),0.2069954128440367,0.8684843624699279,1.5777465918203688
"cate2=고등교육, col_type=수치형",rec_bucket=중(101-1k),0.3614296636085627,0.8670334708849152,1.5751108054409293
rec_bucket=중(101-1k),"cate2=고등교육, col_type=수치형",0.3614296636085627,0.6565972222222223,1.5751108054409293
"cate2=고등교육, dom_sim_bucket=중유사(0.1-0.3)",pk_bucket=저PK(0-0.3),0.07301223241590214,0.837719298245614,1.5720758136373931
"dom_sim_bucket=최고유사(0.6+), rec_bucket=중(101-1k)","cate2=고등교육, col_type=수치형",0.058486238532110095,0.6552462526766596,1.571869965155563
"pk_bucket=저PK(0-0.3), rec_bucket=중(101-1k)","cate2=고등교육, col_type=수치형",0.2069954128440367,0.6551724137931034,1.57169283308827
"cate2=고등교육, dom_sim_bucket=중유사(0.1-0.3)","col_type=수치형, rec_bucket=중(101-1k)",0.05600152905198777,0.6425438596491228,1.5709296606000982
"cate2=유아및초·중등교육, rec_bucket=소(≤100)",col_type=범주형,0.06804281345565749,0.660482374768089,1.5707471749030189
"cate2=고등교육, pk_bucket=중PK(0.3-0.7)",rec_bucket=중(101-1k),0.09766819571865444,0.8602693602693603,1.5628226711560045
"dom_sim_bucket=중유사(0.1-0.3), domain_spread=대공유(21+), pk_bucket=저PK(0-0.3), rec_bucket=중(101-1k)",cate2=고등교육,0.05733944954128441,0.8021390374331551,1.5607257135925128
"cate2=고등교육, rec_bucket=중(101-1k)",col_type=수치형,0.3614296636085627,0.9043519846963176,1.5605440580247802
col_type=수치형,"cate2=고등교육, rec_bucket=중(101-1k)",0.3614296636085627,0.6236807387862797,1.5605440580247802
cate2=평생·직업교육,col_type=범주형,0.09480122324159021,0.656084656084656,1.5602886002886
"cate2=고등교육, col_type=수치형, dom_sim_bucket=중유사(0.1-0.3), domain_spread=대공유(21+)",rec_bucket=중(101-1k),0.05581039755351682,0.8588235294117648,1.5601960784313726
cate2=교육일반,col_type=범주형,0.10856269113149847,0.6558891454965358,1.5598236405626704
"dom_sim_bucket=낮은유사(0-0.1), pk_bucket=중PK(0.3-0.7)","domain_spread=대공유(21+), rec_bucket=중(101-1k)",0.095565749235474,0.7102272727272728,1.5593407851066265
"cate2=고등교육, dom_sim_bucket=낮은유사(0-0.1), domain_spread=대공유(21+), pk_bucket=저PK(0-0.3)",rec_bucket=중(101-1k),0.07396788990825688,0.8580931263858093,1.5588691796008867
"cate2=고등교육, pk_bucket=중PK(0.3-0.7)","col_type=수치형, domain_spread=대공유(21+)",0.09881498470948012,0.8703703703703703,1.5563150299992405
"cate2=고등교육, dom_sim_bucket=낮은유사(0-0.1)","col_type=수치형, domain_spread=대공유(21+)",0.24139908256880735,0.8698347107438017,1.5553572134694362
"col_type=수치형, dom_sim_bucket=중유사(0.1-0.3), domain_spread=대공유(21+), pk_bucket=저PK(0-0.3)",cate2=고등교육,0.06058868501529052,0.7984886649874056,1.5536231666843086
"col_type=수치형, dom_sim_bucket=중유사(0.1-0.3), rec_bucket=중(101-1k)",cate2=고등교육,0.05600152905198777,0.7983651226158038,1.5533827897083992
col_type=수치형,"cate2=고등교육, domain_spread=대공유(21+)",0.411697247706422,0.7104221635883905,1.553250630963
"cate2=고등교육, domain_spread=대공유(21+)",col_type=수치형,0.411697247706422,0.9001253656498119,1.5532506309629999
"col_type=수치형, dom_sim_bucket=중유사(0.1-0.3), domain_spread=대공유(21+), rec_bucket=중(101-1k)",cate2=고등교육,0.05581039755351682,0.7978142076502732,1.552310871858025
"domain_spread=대공유(21+), pk_bucket=중PK(0.3-0.7), rec_bucket=중(101-1k)",col_type=수치형,0.09384556574923547,0.8992673992673993,1.5517701296065411
"col_type=수치형, dom_sim_bucket=낮은유사(0-0.1)",rec_bucket=중(101-1k),0.24407492354740062,0.8541806020066891,1.5517614269788185
"col_type=수치형, dom_sim_bucket=중유사(0.1-0.3), pk_bucket=저PK(0-0.3)",cate2=고등교육,0.060970948012232414,0.7975,1.551699516548903
"dom_sim_bucket=낮은유사(0-0.1), domain_spread=대공유(21+), pk_bucket=저PK(0-0.3)",cate2=고등교육,0.08620030581039756,0.7968197879858658,1.550376024820398
"dom_sim_bucket=낮은유사(0-0.1), pk_bucket=중PK(0.3-0.7), rec_bucket=중(101-1k)","col_type=수치형, domain_spread=대공유(21+)",0.09097859327217125,0.8670309653916212,1.5503438178157765
"cate2=고등교육, dom_sim_bucket=최고유사(0.6+), pk_bucket=저PK(0-0.3), rec_bucket=중(101-1k)","col_type=수치형, domain_spread=대공유(21+)",0.058486238532110095,0.8668555240793201,1.550030110042038
"col_type=수치형, domain_spread=대공유(21+), pk_bucket=저PK(0-0.3)",cate2=고등교육,0.2368119266055046,0.7962724935732648,1.5493111514969584
"cate2=고등교육, col_type=수치형, dom_sim_bucket=중유사(0.1-0.3)",rec_bucket=중(101-1k),0.05600152905198777,0.8517441860465117,1.5473352713178294
"cate2=고등교육, dom_sim_bucket=낮은유사(0-0.1)",rec_bucket=중(101-1k),0.23623853211009174,0.8512396694214875,1.5464187327823689
"col_type=수치형, dom_sim_bucket=최고유사(0.6+), domain_spread=대공유(21+), pk_bucket=저PK(0-0.3)",cate2=고등교육,0.07071865443425077,0.7939914163090128,1.5448728486905001
"cate2=고등교육, pk_bucket=저PK(0-0.3), rec_bucket=중(101-1k)",col_type=수치형,0.2069954128440367,0.8950413223140495,1.544477637977278
"dom_sim_bucket=낮은유사(0-0.1), domain_spread=대공유(21+), pk_bucket=중PK(0.3-0.7)",col_type=수치형,0.09766819571865444,0.89492119089317,1.544270339958135
"col_type=범주형, pk_bucket=최고PK(0.9+)",dom_sim_bucket=낮은유사(0-0.1),0.07855504587155963,0.7682242990654206,1.538212603409981
"col_type=수치형, dom_sim_bucket=낮은유사(0-0.1), domain_spread=대공유(21+), pk_bucket=저PK(0-0.3)",rec_bucket=중(101-1k),0.07358562691131498,0.8461538461538461,1.537179487179487
"cate2=고등교육, dom_sim_bucket=중유사(0.1-0.3), domain_spread=대공유(21+), pk_bucket=저PK(0-0.3)",col_type=수치형,0.06058868501529052,0.8904494382022472,1.536553911831846
rec_bucket=대(1k-10k),col_type=범주형,0.06842507645259939,0.645045045045045,1.5340343980343978
"dom_sim_bucket=중유사(0.1-0.3), domain_spread=대공유(21+), rec_bucket=중(101-1k)",pk_bucket=저PK(0-0.3),0.07148318042813456,0.8165938864628822,1.5324315688571735
"col_type=수치형, dom_sim_bucket=최고유사(0.6+), pk_bucket=저PK(0-0.3)","domain_spread=대공유(21+), rec_bucket=중(101-1k)",0.06345565749235474,0.6974789915966386,1.5313512731991663
"cate2=고등교육, dom_sim_bucket=중유사(0.1-0.3), domain_spread=대공유(21+), pk_bucket=저PK(0-0.3)",rec_bucket=중(101-1k),0.05733944954128441,0.8426966292134832,1.5308988764044944
"dom_sim_bucket=중유사(0.1-0.3), domain_spread=대공유(21+), rec_bucket=중(101-1k)","cate2=고등교육, col_type=수치형",0.05581039755351682,0.6375545851528385,1.529429431233219
"cate2=고등교육, dom_sim_bucket=최고유사(0.6+), rec_bucket=중(101-1k)","col_type=수치형, domain_spread=대공유(21+)",0.058486238532110095,0.8547486033519553,1.5283816448179872
"col_type=수치형, pk_bucket=저PK(0-0.3)",cate2=고등교육,0.23834097859327216,0.785264483627204,1.5278928145546788
"cate2=고등교육, domain_spread=대공유(21+), pk_bucket=저PK(0-0.3)",col_type=수치형,0.2368119266055046,0.8831076265146116,1.5238849280753455
col_type=수치형,"domain_spread=대공유(21+), rec_bucket=중(101-1k)",0.40214067278287463,0.6939313984168866,1.523562348517478
"domain_spread=대공유(21+), rec_bucket=중(101-1k)",col_type=수치형,0.40214067278287463,0.882920688208141,1.5235623485174778
"dom_sim_bucket=최고유사(0.6+), pk_bucket=저PK(0-0.3), rec_bucket=중(101-1k)","cate2=고등교육, domain_spread=대공유(21+)",0.06135321100917431,0.6963123644251626,1.5224012915472005
"cate2=고등교육, dom_sim_bucket=최고유사(0.6+), domain_spread=대공유(21+)",col_type=수치형,0.07568807339449542,0.8819599109131403,1.5219044373013026
"dom_sim_bucket=중유사(0.1-0.3), domain_spread=대공유(21+), pk_bucket=저PK(0-0.3)","cate2=고등교육, col_type=수치형",0.06058868501529052,0.634,1.5209023383768914
"cate2=고등교육, dom_sim_bucket=낮은유사(0-0.1)",col_type=수치형,0.2444571865443425,0.8808539944903582,1.5199960749253145
rec_bucket=초대(10k+),pk_bucket=저PK(0-0.3),0.06269113149847094,0.8098765432098766,1.5198257080610023
"dom_sim_bucket=낮은유사(0-0.1), domain_spread=대공유(21+)",cate2=고등교육,0.25324923547400613,0.7803297997644287,1.5182913768566348
"dom_sim_bucket=중유사(0.1-0.3), domain_spread=대공유(21+), pk_bucket=저PK(0-0.3), rec_bucket=중(101-1k)",col_type=수치형,0.0628822629969419,0.8796791443850267,1.5179687610232386
"cate2=고등교육, dom_sim_bucket=최고유사(0.6+), domain_spread=대공유(21+), pk_bucket=저PK(0-0.3)",col_type=수치형,0.07071865443425077,0.8788598574821853,1.516555004731792
"domain_spread=대공유(21+), pk_bucket=저PK(0-0.3), rec_bucket=중(101-1k)",col_type=수치형,0.22935779816513763,0.8784773060029283,1.5158948763216755
"col_type=수치형, dom_sim_bucket=낮은유사(0-0.1), pk_bucket=저PK(0-0.3)",rec_bucket=중(101-1k),0.07473241590214068,0.8336886993603412,1.5145344705046198
"domain_spread=대공유(21+), pk_bucket=중PK(0.3-0.7)",dom_sim_bucket=낮은유사(0-0.1),0.10913608562691131,0.7562913907284767,1.5143193862577076
"col_type=수치형, dom_sim_bucket=최고유사(0.6+), pk_bucket=저PK(0-0.3)",cate2=고등교육,0.07071865443425077,0.7773109243697479,1.5124175367432209
"pk_bucket=저PK(0-0.3), rec_bucket=중(101-1k)","cate2=고등교육, domain_spread=대공유(21+)",0.21827217125382262,0.6908650937689049,1.5104915046380738
"dom_sim_bucket=중유사(0.1-0.3), rec_bucket=중(101-1k)",pk_bucket=저PK(0-0.3),0.07874617737003058,0.8031189083820662,1.5071442355290425
"dom_sim_bucket=낮은유사(0-0.1), pk_bucket=중PK(0.3-0.7), rec_bucket=중(101-1k)",col_type=수치형,0.0915519877675841,0.8724954462659381,1.505572617039376
"col_type=수치형, dom_sim_bucket=중유사(0.1-0.3), domain_spread=대공유(21+), pk_bucket=저PK(0-0.3)",rec_bucket=중(101-1k),0.0628822629969419,0.8287153652392948,1.5054995801847189
"cate2=고등교육, domain_spread=대공유(21+)",rec_bucket=중(101-1k),0.3790137614678899,0.8286669452569996,1.5054116172168825
rec_bucket=중(101-1k),"cate2=고등교육, domain_spread=대공유(21+)",0.3790137614678899,0.6885416666666666,1.5054116172168823
"cate2=고등교육, pk_bucket=중PK(0.3-0.7)",col_type=수치형,0.09900611620795106,0.872053872053872,1.504810639375283
"dom_sim_bucket=최고유사(0.6+), rec_bucket=중(101-1k)","cate2=고등교육, domain_spread=대공유(21+)",0.06135321100917431,0.6873661670235546,1.5028415319127613
"cate2=고등교육, col_type=수치형, dom_sim_bucket=최고유사(0.6+), pk_bucket=저PK(0-0.3)",rec_bucket=중(101-1k),0.058486238532110095,0.827027027027027,1.5024324324324323
"cate2=고등교육, col_type=수치형, dom_sim_bucket=최고유사(0.6+), domain_spread=대공유(21+), pk_bucket=저PK(0-0.3)",rec_bucket=중(101-1k),0.058486238532110095,0.827027027027027,1.5024324324324323
"dom_sim_bucket=중유사(0.1-0.3), domain_spread=대공유(21+), pk_bucket=저PK(0-0.3)","cate2=고등교육, rec_bucket=중(101-1k)",0.05733944954128441,0.6,1.5012912482065996
"cate2=고등교육, dom_sim_bucket=중유사(0.1-0.3), rec_bucket=중(101-1k)","col_type=수치형, domain_spread=대공유(21+)",0.05581039755351682,0.8390804597701149,1.5003653333961864
